Code,Name,Year,Sector,Emissions_kt,Population_000s,PerCapita_Emissions_t
E09000001,City of London,2005,Domestic,20.346116718335793,7.131,228.76525334644245
E09000001,City of London,2005,Grand total,1631.325021613481,7.131,228.76525334644245
E09000001,City of London,2005,Industry and Commercial,1545.660538336756,7.131,228.76525334644245
E09000001,City of London,2005,Transport,65.31836655838949,7.131,228.76525334644245
E09000001,City of London,2006,Domestic,20.397840864472208,7.254,243.3383773456457
E09000001,City of London,2006,Grand total,1765.1765892653139,7.254,243.3383773456457
E09000001,City of London,2006,Industry and Commercial,1679.655915845074,7.254,243.3383773456457
E09000001,City of London,2006,Transport,65.12283255576735,7.254,243.3383773456457
E09000001,City of London,2007,Domestic,20.534499770633456,7.607,218.91475790982383
E09000001,City of London,2007,Grand total,1665.28456342003,7.607,218.91475790982383
E09000001,City of London,2007,Industry and Commercial,1580.3829915054775,7.607,218.91475790982383
E09000001,City of London,2007,Transport,64.36707214391897,7.607,218.91475790982383
E09000001,City of London,2008,Domestic,21.406316080023842,7.429,226.62406850180645
E09000001,City of London,2008,Grand total,1683.59020489992,7.429,226.62406850180645
E09000001,City of London,2008,Industry and Commercial,1603.9232935425557,7.429,226.62406850180645
E09000001,City of London,2008,Transport,58.26059527734024,7.429,226.62406850180645
E09000001,City of London,2009,Domestic,19.61710738864381,7.472,197.57490791517517
E09000001,City of London,2009,Grand total,1476.279711942189,7.472,197.57490791517517
E09000001,City of London,2009,Industry and Commercial,1402.0189573268594,7.472,197.57490791517517
E09000001,City of London,2009,Transport,54.64364722668589,7.472,197.57490791517517
E09000001,City of London,2010,Domestic,21.101829075902785,7.338,222.17306046653232
E09000001,City of London,2010,Grand total,1630.3059177034143,7.338,222.17306046653232
E09000001,City of London,2010,Industry and Commercial,1554.715167690169,7.338,222.17306046653232
E09000001,City of London,2010,Transport,54.488920937342634,7.338,222.17306046653232
E09000001,City of London,2011,Domestic,18.80926055110783,7.412,187.3384435985091
E09000001,City of London,2011,Grand total,1388.5525439521493,7.412,187.3384435985091
E09000001,City of London,2011,Industry and Commercial,1317.139796345735,7.412,187.3384435985091
E09000001,City of London,2011,Transport,52.60348705530634,7.412,187.3384435985091
E09000001,City of London,2012,Domestic,20.529220758142174,7.604,201.57666373092144
E09000001,City of London,2012,Grand total,1532.7889510099267,7.604,201.57666373092144
E09000001,City of London,2012,Industry and Commercial,1460.949321422889,7.604,201.57666373092144
E09000001,City of London,2012,Transport,51.3104088288955,7.604,201.57666373092144
E09000001,City of London,2013,Domestic,19.895839289936667,7.648,184.88884965708237
E09000001,City of London,2013,Grand total,1414.029922177366,7.648,184.88884965708237
E09000001,City of London,2013,Industry and Commercial,1343.6783269663429,7.648,184.88884965708237
E09000001,City of London,2013,Transport,50.45575592108687,7.648,184.88884965708237
E09000001,City of London,2014,Domestic,16.507567702151707,8.072,128.2856945355924
E09000001,City of London,2014,Grand total,1035.5221262913017,8.072,128.2856945355924
E09000001,City of London,2014,Industry and Commercial,964.0794320128219,8.072,128.2856945355924
E09000001,City of London,2014,Transport,54.93512657632811,8.072,128.2856945355924
E09000002,Barking and Dagenham,2005,Domestic,345.88936273787004,166.275,5.230976493446822
E09000002,Barking and Dagenham,2005,Grand total,869.7806164478704,166.275,5.230976493446822
E09000002,Barking and Dagenham,2005,Industry and Commercial,345.82925418014247,166.275,5.230976493446822
E09000002,Barking and Dagenham,2005,Transport,178.06199952985796,166.275,5.230976493446822
E09000002,Barking and Dagenham,2006,Domestic,344.5517340713079,167.157,5.237503629874516
E09000002,Barking and Dagenham,2006,Grand total,875.4853942589345,167.157,5.237503629874516
E09000002,Barking and Dagenham,2006,Industry and Commercial,348.09896467437835,167.157,5.237503629874516
E09000002,Barking and Dagenham,2006,Transport,182.8346955132483,167.157,5.237503629874516
E09000002,Barking and Dagenham,2007,Domestic,334.3577088293736,169.031,5.091100350340513
E09000002,Barking and Dagenham,2007,Grand total,860.5537833184073,169.031,5.091100350340513
E09000002,Barking and Dagenham,2007,Industry and Commercial,346.8082259828131,169.031,5.091100350340513
E09000002,Barking and Dagenham,2007,Transport,179.3878485062205,169.031,5.091100350340513
E09000002,Barking and Dagenham,2008,Domestic,332.5242696464728,172.452,4.865086951406437
E09000002,Barking and Dagenham,2008,Grand total,838.9939749439429,172.452,4.865086951406437
E09000002,Barking and Dagenham,2008,Industry and Commercial,345.3412592167237,172.452,4.865086951406437
E09000002,Barking and Dagenham,2008,Transport,161.1284460807463,172.452,4.865086951406437
E09000002,Barking and Dagenham,2009,Domestic,297.24941149948745,177.58,4.293146816466019
E09000002,Barking and Dagenham,2009,Grand total,762.3770116680357,177.58,4.293146816466019
E09000002,Barking and Dagenham,2009,Industry and Commercial,299.65034965068367,177.58,4.293146816466019
E09000002,Barking and Dagenham,2009,Transport,165.47725051786446,177.58,4.293146816466019
E09000002,Barking and Dagenham,2010,Domestic,321.4233195057831,182.838,4.414671637334457
E09000002,Barking and Dagenham,2010,Grand total,807.1697328269574,182.838,4.414671637334457
E09000002,Barking and Dagenham,2010,Industry and Commercial,325.7881502264271,182.838,4.414671637334457
E09000002,Barking and Dagenham,2010,Transport,159.9582630947471,182.838,4.414671637334457
E09000002,Barking and Dagenham,2011,Domestic,282.1581904743095,187.029,3.916176425340907
E09000002,Barking and Dagenham,2011,Grand total,732.4385606550845,187.029,3.916176425340907
E09000002,Barking and Dagenham,2011,Industry and Commercial,289.9112782071418,187.029,3.916176425340907
E09000002,Barking and Dagenham,2011,Transport,160.3690919736334,187.029,3.916176425340907
E09000002,Barking and Dagenham,2012,Domestic,300.84587607687564,190.56,4.002633805981072
E09000002,Barking and Dagenham,2012,Grand total,762.7418980677531,190.56,4.002633805981072
E09000002,Barking and Dagenham,2012,Industry and Commercial,308.2012542297479,190.56,4.002633805981072
E09000002,Barking and Dagenham,2012,Transport,153.6947677611296,190.56,4.002633805981072
E09000002,Barking and Dagenham,2013,Domestic,290.7797345381414,194.352,3.750160198720497
E09000002,Barking and Dagenham,2013,Grand total,728.8511349417261,194.352,3.750160198720497
E09000002,Barking and Dagenham,2013,Industry and Commercial,282.78735462095176,194.352,3.750160198720497
E09000002,Barking and Dagenham,2013,Transport,155.28404578263294,194.352,3.750160198720497
E09000002,Barking and Dagenham,2014,Domestic,242.87525605434956,198.294,3.0486027723567912
E09000002,Barking and Dagenham,2014,Grand total,604.5196381417176,198.294,3.0486027723567912
E09000002,Barking and Dagenham,2014,Industry and Commercial,201.04058332719626,198.294,3.0486027723567912
E09000002,Barking and Dagenham,2014,Transport,160.60379876017188,198.294,3.0486027723567912
E09000003,Barnet,2005,Domestic,868.081255985561,327.541,5.1889509570647645
E09000003,Barnet,2005,Grand total,1699.5941854279502,327.541,5.1889509570647645
E09000003,Barnet,2005,Industry and Commercial,460.46760506215304,327.541,5.1889509570647645
E09000003,Barnet,2005,Transport,371.0453243802364,327.541,5.1889509570647645
E09000003,Barnet,2006,Domestic,870.7035934565198,330.801,5.16915382698193
E09000003,Barnet,2006,Grand total,1709.9612551194493,330.801,5.16915382698193
E09000003,Barnet,2006,Industry and Commercial,471.9824631401759,330.801,5.16915382698193
E09000003,Barnet,2006,Transport,367.27519852275367,330.801,5.16915382698193
E09000003,Barnet,2007,Domestic,847.9181100907797,334.837,4.9470400131001675
E09000003,Barnet,2007,Grand total,1656.4520368664207,334.837,4.9470400131001675
E09000003,Barnet,2007,Industry and Commercial,442.3495443766672,334.837,4.9470400131001675
E09000003,Barnet,2007,Transport,366.1843823989738,334.837,4.9470400131001675
E09000003,Barnet,2008,Domestic,856.6939721060241,339.212,4.904429272704508
E09000003,Barnet,2008,Grand total,1663.6412624526415,339.212,4.904429272704508
E09000003,Barnet,2008,Industry and Commercial,453.07097621856605,339.212,4.904429272704508
E09000003,Barnet,2008,Transport,353.8763141280514,339.212,4.904429272704508
E09000003,Barnet,2009,Domestic,775.0108174565173,345.829,4.390640794536866
E09000003,Barnet,2009,Grand total,1518.4109153338898,345.829,4.390640794536866
E09000003,Barnet,2009,Industry and Commercial,403.10571802230356,345.829,4.390640794536866
E09000003,Barnet,2009,Transport,340.29437985506894,345.829,4.390640794536866
E09000003,Barnet,2010,Domestic,837.3564689398537,351.438,4.580284916159179
E09000003,Barnet,2010,Grand total,1609.6861703651498,351.438,4.580284916159179
E09000003,Barnet,2010,Industry and Commercial,426.3800719682823,351.438,4.580284916159179
E09000003,Barnet,2010,Transport,345.9496294570137,351.438,4.580284916159179
E09000003,Barnet,2011,Domestic,730.9930343243523,357.538,4.0360477381319475
E09000003,Barnet,2011,Grand total,1443.0404361962203,357.538,4.0360477381319475
E09000003,Barnet,2011,Industry and Commercial,382.85963147874907,357.538,4.0360477381319475
E09000003,Barnet,2011,Transport,329.18777039311897,357.538,4.0360477381319475
E09000003,Barnet,2012,Domestic,791.7460611727157,363.956,4.2087465695375625
E09000003,Barnet,2012,Grand total,1531.7985664626133,363.956,4.2087465695375625
E09000003,Barnet,2012,Industry and Commercial,402.599248187825,363.956,4.2087465695375625
E09000003,Barnet,2012,Transport,337.4532571020724,363.956,4.2087465695375625
E09000003,Barnet,2013,Domestic,776.8312615184224,369.088,4.050648205704991
E09000003,Barnet,2013,Grand total,1495.0456449472435,369.088,4.050648205704991
E09000003,Barnet,2013,Industry and Commercial,384.30733338090175,369.088,4.050648205704991
E09000003,Barnet,2013,Transport,333.9070500479197,369.088,4.050648205704991
E09000003,Barnet,2014,Domestic,645.7771507259511,374.915,3.616381081055986
E09000003,Barnet,2014,Grand total,1355.835513004105,374.915,3.616381081055986
E09000003,Barnet,2014,Industry and Commercial,371.9092450281903,374.915,3.616381081055986
E09000003,Barnet,2014,Transport,338.14911724996364,374.915,3.616381081055986
E09000004,Bexley,2005,Domestic,531.0273752065104,222.391,5.7012891404766926
E09000004,Bexley,2005,Grand total,1267.9153932397521,222.391,5.7012891404766926
E09000004,Bexley,2005,Industry and Commercial,470.60813533669113,222.391,5.7012891404766926
E09000004,Bexley,2005,Transport,266.27988269655043,222.391,5.7012891404766926
E09000004,Bexley,2006,Domestic,526.7626341434535,223.28,5.645926207212555
E09000004,Bexley,2006,Grand total,1260.6224035464193,223.28,5.645926207212555
E09000004,Bexley,2006,Industry and Commercial,476.01178347778426,223.28,5.645926207212555
E09000004,Bexley,2006,Transport,257.8479859251814,223.28,5.645926207212555
E09000004,Bexley,2007,Domestic,509.7322885645739,224.625,5.401940259516464
E09000004,Bexley,2007,Grand total,1213.4108307938857,224.625,5.401940259516464
E09000004,Bexley,2007,Industry and Commercial,449.27775226932266,224.625,5.401940259516464
E09000004,Bexley,2007,Transport,254.40078995998914,224.625,5.401940259516464
E09000004,Bexley,2008,Domestic,513.7426197540892,226.652,5.305259361507497
E09000004,Bexley,2008,Grand total,1202.4476448043972,226.652,5.305259361507497
E09000004,Bexley,2008,Industry and Commercial,447.22294842256446,226.652,5.305259361507497
E09000004,Bexley,2008,Transport,241.48207662774374,226.652,5.305259361507497
E09000004,Bexley,2009,Domestic,462.9060689398337,228.146,4.7740312251787795
E09000004,Bexley,2009,Grand total,1089.1761278996378,228.146,4.7740312251787795
E09000004,Bexley,2009,Industry and Commercial,391.0761469826613,228.146,4.7740312251787795
E09000004,Bexley,2009,Transport,235.19391197714285,228.146,4.7740312251787795
E09000004,Bexley,2010,Domestic,498.14790297168304,230.711,4.958011900847376
E09000004,Bexley,2010,Grand total,1143.867883656399,230.711,4.958011900847376
E09000004,Bexley,2010,Industry and Commercial,417.2851786389136,230.711,4.958011900847376
E09000004,Bexley,2010,Transport,228.4348020458022,230.711,4.958011900847376
E09000004,Bexley,2011,Domestic,432.3384950362708,232.774,4.415088035741016
E09000004,Bexley,2011,Grand total,1027.7177024315793,232.774,4.415088035741016
E09000004,Bexley,2011,Industry and Commercial,375.9778227291715,232.774,4.415088035741016
E09000004,Bexley,2011,Transport,219.4013846661371,232.774,4.415088035741016
E09000004,Bexley,2012,Domestic,468.71520592047216,234.271,4.667004096806592
E09000004,Bexley,2012,Grand total,1093.343716762977,234.271,4.667004096806592
E09000004,Bexley,2012,Industry and Commercial,405.50526122710016,234.271,4.667004096806592
E09000004,Bexley,2012,Transport,219.1232496154047,234.271,4.667004096806592
E09000004,Bexley,2013,Domestic,455.6989874515175,236.687,4.482334421158082
E09000004,Bexley,2013,Grand total,1060.9102871406428,236.687,4.482334421158082
E09000004,Bexley,2013,Industry and Commercial,392.16640601186805,236.687,4.482334421158082
E09000004,Bexley,2013,Transport,213.0448936772573,236.687,4.482334421158082
E09000004,Bexley,2014,Domestic,379.38205551493354,239.865,4.0519528100150515
E09000004,Bexley,2014,Grand total,971.9216607742603,239.865,4.0519528100150515
E09000004,Bexley,2014,Industry and Commercial,377.17619238221454,239.865,4.0519528100150515
E09000004,Bexley,2014,Transport,215.36341287711227,239.865,4.0519528100150515
E09000005,Brent,2005,Domestic,616.4571770438001,270.939,5.247604848992617
E09000005,Brent,2005,Grand total,1421.7808101812107,270.939,5.247604848992617
E09000005,Brent,2005,Industry and Commercial,542.9546084507232,270.939,5.247604848992617
E09000005,Brent,2005,Transport,262.3690246866875,270.939,5.247604848992617
E09000005,Brent,2006,Domestic,614.2463936755197,276.504,5.031595698000644
E09000005,Brent,2006,Grand total,1391.2563368799701,276.504,5.031595698000644
E09000005,Brent,2006,Industry and Commercial,521.4113279516758,276.504,5.031595698000644
E09000005,Brent,2006,Transport,255.59861525277444,276.504,5.031595698000644
E09000005,Brent,2007,Domestic,601.6892750534657,283.273,4.923123908104796
E09000005,Brent,2007,Grand total,1394.58807882057,283.273,4.923123908104796
E09000005,Brent,2007,Industry and Commercial,545.2709713396209,283.273,4.923123908104796
E09000005,Brent,2007,Transport,247.62783242748353,283.273,4.923123908104796
E09000005,Brent,2008,Domestic,606.0434176095496,290.901,4.930128408815646
E09000005,Brent,2008,Grand total,1434.1792842528803,290.901,4.930128408815646
E09000005,Brent,2008,Industry and Commercial,602.2927581137448,290.901,4.930128408815646
E09000005,Brent,2008,Transport,225.84310852958598,290.901,4.930128408815646
E09000005,Brent,2009,Domestic,547.4555951825241,298.118,4.318255517231978
E09000005,Brent,2009,Grand total,1287.3496982861627,298.118,4.318255517231978
E09000005,Brent,2009,Industry and Commercial,522.0764266656709,298.118,4.318255517231978
E09000005,Brent,2009,Transport,217.81767643796778,298.118,4.318255517231978
E09000005,Brent,2010,Domestic,587.3253659763665,304.785,4.2072955174242885
E09000005,Brent,2010,Grand total,1282.3205642781618,304.785,4.2072955174242885
E09000005,Brent,2010,Industry and Commercial,464.87496244352,304.785,4.2072955174242885
E09000005,Brent,2010,Transport,230.1202358582751,304.785,4.2072955174242885
E09000005,Brent,2011,Domestic,508.9113580989701,312.245,3.651544865971155
E09000005,Brent,2011,Grand total,1140.1766266751633,312.245,3.651544865971155
E09000005,Brent,2011,Industry and Commercial,411.60672161624944,312.245,3.651544865971155
E09000005,Brent,2011,Transport,219.6585469599439,312.245,3.651544865971155
E09000005,Brent,2012,Domestic,549.6594566387433,314.66,4.25953104588676
E09000005,Brent,2012,Grand total,1340.304038898728,314.66,4.25953104588676
E09000005,Brent,2012,Industry and Commercial,571.1880698080106,314.66,4.25953104588676
E09000005,Brent,2012,Transport,219.45651245197413,314.66,4.25953104588676
E09000005,Brent,2013,Domestic,539.9462227691558,317.264,4.079237918023632
E09000005,Brent,2013,Grand total,1294.1953388238496,317.264,4.079237918023632
E09000005,Brent,2013,Industry and Commercial,546.1609087014338,317.264,4.079237918023632
E09000005,Brent,2013,Transport,208.08820735325992,317.264,4.079237918023632
E09000005,Brent,2014,Domestic,450.110050357319,320.762,3.643182148251997
E09000005,Brent,2014,Grand total,1168.594392237607,320.762,3.643182148251997
E09000005,Brent,2014,Industry and Commercial,500.6252909629196,320.762,3.643182148251997
E09000005,Brent,2014,Transport,217.85905091736842,320.762,3.643182148251997
E09000006,Bromley,2005,Domestic,812.3690505715808,299.421,5.198085383793138
E09000006,Bromley,2005,Grand total,1556.415923700725,299.421,5.198085383793138
E09000006,Bromley,2005,Industry and Commercial,378.45035908578467,299.421,5.198085383793138
E09000006,Bromley,2005,Transport,365.59651404335955,299.421,5.198085383793138
E09000006,Bromley,2006,Domestic,809.5906872611123,300.963,5.290717615504556
E09000006,Bromley,2006,Grand total,1592.3102457150976,300.963,5.290717615504556
E09000006,Bromley,2006,Industry and Commercial,424.746471706689,300.963,5.290717615504556
E09000006,Bromley,2006,Transport,357.9730867472959,300.963,5.290717615504556
E09000006,Bromley,2007,Domestic,786.0044684949731,302.625,4.999865347932356
E09000006,Bromley,2007,Grand total,1513.084250918029,302.625,4.999865347932356
E09000006,Bromley,2007,Industry and Commercial,375.2969140635068,302.625,4.999865347932356
E09000006,Bromley,2007,Transport,351.782868359549,302.625,4.999865347932356
E09000006,Bromley,2008,Domestic,796.6296937988229,304.968,4.904978962227762
E09000006,Bromley,2008,Grand total,1495.8616241526763,304.968,4.904978962227762
E09000006,Bromley,2008,Industry and Commercial,364.92823331762173,304.968,4.904978962227762
E09000006,Bromley,2008,Transport,334.3036970362319,304.968,4.904978962227762
E09000006,Bromley,2009,Domestic,719.839979524041,306.924,4.470950261536056
E09000006,Bromley,2009,Grand total,1372.2419380716924,306.924,4.470950261536056
E09000006,Bromley,2009,Industry and Commercial,330.2764718131955,306.924,4.470950261536056
E09000006,Bromley,2009,Transport,322.1254867344561,306.924,4.470950261536056
E09000006,Bromley,2010,Domestic,774.8266756195931,308.56,4.631095330369781
E09000006,Bromley,2010,Grand total,1428.9707751388996,308.56,4.631095330369781
E09000006,Bromley,2010,Industry and Commercial,339.26889039202337,308.56,4.631095330369781
E09000006,Bromley,2010,Transport,314.87520912728337,308.56,4.631095330369781
E09000006,Bromley,2011,Domestic,674.8144551125821,310.554,4.151416097099729
E09000006,Bromley,2011,Grand total,1289.2388746187094,310.554,4.151416097099729
E09000006,Bromley,2011,Industry and Commercial,306.88894796894675,310.554,4.151416097099729
E09000006,Bromley,2011,Transport,307.53547153718034,310.554,4.151416097099729
E09000006,Bromley,2012,Domestic,733.4001298931851,314.036,4.35954584276524
E09000006,Bromley,2012,Grand total,1369.0543382786248,314.036,4.35954584276524
E09000006,Bromley,2012,Industry and Commercial,333.52090545967957,314.036,4.35954584276524
E09000006,Bromley,2012,Transport,302.13330292576,314.036,4.35954584276524
E09000006,Bromley,2013,Domestic,719.9219828678866,317.899,4.195904571461983
E09000006,Bromley,2013,Grand total,1333.8738673631929,317.899,4.195904571461983
E09000006,Bromley,2013,Industry and Commercial,316.1852220529927,317.899,4.195904571461983
E09000006,Bromley,2013,Transport,297.76666244231365,317.899,4.195904571461983
E09000006,Bromley,2014,Domestic,597.1431697136718,321.278,3.64462178209709
E09000006,Bromley,2014,Grand total,1170.936796908589,321.278,3.64462178209709
E09000006,Bromley,2014,Industry and Commercial,273.89730570914446,321.278,3.64462178209709
E09000006,Bromley,2014,Transport,299.89632148577266,321.278,3.64462178209709
E09000007,Camden,2005,Domestic,428.9851447093036,211.088,7.950296208114067
E09000007,Camden,2005,Grand total,1678.2121259783821,211.088,7.950296208114067
E09000007,Camden,2005,Industry and Commercial,1076.1134468374555,211.088,7.950296208114067
E09000007,Camden,2005,Transport,173.11353443162295,211.088,7.950296208114067
E09000007,Camden,2006,Domestic,427.34320531416734,211.032,8.516035715040388
E09000007,Camden,2006,Grand total,1797.1560490164031,211.032,8.516035715040388
E09000007,Camden,2006,Industry and Commercial,1197.5307858144013,211.032,8.516035715040388
E09000007,Camden,2006,Transport,172.2820578878346,211.032,8.516035715040388
E09000007,Camden,2007,Domestic,418.43558884362807,211.52,8.253117791264737
E09000007,Camden,2007,Grand total,1745.6994752083174,211.52,8.253117791264737
E09000007,Camden,2007,Industry and Commercial,1157.1317498249625,211.52,8.253117791264737
E09000007,Camden,2007,Transport,170.13213653972684,211.52,8.253117791264737
E09000007,Camden,2008,Domestic,424.89314500468095,210.273,8.173611041850483
E09000007,Camden,2008,Grand total,1718.6897146030265,210.273,8.173611041850483
E09000007,Camden,2008,Industry and Commercial,1132.3325146455059,210.273,8.173611041850483
E09000007,Camden,2008,Transport,161.46405495283992,210.273,8.173611041850483
E09000007,Camden,2009,Domestic,389.3690818432502,212.924,7.288580479812053
E09000007,Camden,2009,Grand total,1551.9137100835017,212.924,7.288580479812053
E09000007,Camden,2009,Industry and Commercial,1003.6820857397568,212.924,7.288580479812053
E09000007,Camden,2009,Transport,158.8625425004946,212.924,7.288580479812053
E09000007,Camden,2010,Domestic,416.3703819565268,214.725,7.594861361564176
E09000007,Camden,2010,Grand total,1630.8066058618676,214.725,7.594861361564176
E09000007,Camden,2010,Industry and Commercial,1062.3675468793683,214.725,7.594861361564176
E09000007,Camden,2010,Transport,152.06867702597262,214.725,7.594861361564176
E09000007,Camden,2011,Domestic,365.52673033558125,220.087,6.728521412603355
E09000007,Camden,2011,Grand total,1480.8600921356344,220.087,6.728521412603355
E09000007,Camden,2011,Industry and Commercial,969.1263158138312,220.087,6.728521412603355
E09000007,Camden,2011,Transport,146.20704598622203,220.087,6.728521412603355
E09000007,Camden,2012,Domestic,393.38907890502867,224.962,7.071648350517036
E09000007,Camden,2012,Grand total,1590.8521562290134,224.962,7.071648350517036
E09000007,Camden,2012,Industry and Commercial,1056.6127501104536,224.962,7.071648350517036
E09000007,Camden,2012,Transport,140.85032721353116,224.962,7.071648350517036
E09000007,Camden,2013,Domestic,384.3287838634508,229.719,6.662072833939459
E09000007,Camden,2013,Grand total,1530.4047093397385,229.719,6.662072833939459
E09000007,Camden,2013,Industry and Commercial,1008.6932560090032,229.719,6.662072833939459
E09000007,Camden,2013,Transport,137.38266946728461,229.719,6.662072833939459
E09000007,Camden,2014,Domestic,319.44720075649496,234.846,5.473770904440213
E09000007,Camden,2014,Grand total,1285.4932018241664,234.846,5.473770904440213
E09000007,Camden,2014,Industry and Commercial,823.7271419280706,234.846,5.473770904440213
E09000007,Camden,2014,Transport,142.31885913960036,234.846,5.473770904440213
E09000008,Croydon,2005,Domestic,830.2204224612316,339.052,5.195085394153108
E09000008,Croydon,2005,Grand total,1761.4040930583997,339.052,5.195085394153108
E09000008,Croydon,2005,Industry and Commercial,573.1733352258512,339.052,5.195085394153108
E09000008,Croydon,2005,Transport,358.0103353713167,339.052,5.195085394153108
E09000008,Croydon,2006,Domestic,825.6847125262776,340.449,5.078962883474142
E09000008,Croydon,2006,Grand total,1729.127834715888,340.449,5.078962883474142
E09000008,Croydon,2006,Industry and Commercial,553.7578415902072,340.449,5.078962883474142
E09000008,Croydon,2006,Transport,349.6852805994031,340.449,5.078962883474142
E09000008,Croydon,2007,Domestic,804.9442266068332,344.029,4.872010060446224
E09000008,Croydon,2007,Grand total,1676.112749085254,344.029,4.872010060446224
E09000008,Croydon,2007,Industry and Commercial,522.5908841458307,344.029,4.872010060446224
E09000008,Croydon,2007,Transport,348.57763833259,344.029,4.872010060446224
E09000008,Croydon,2008,Domestic,817.1615232737521,349.308,4.7691685073007575
E09000008,Croydon,2008,Grand total,1665.908712948213,349.308,4.7691685073007575
E09000008,Croydon,2008,Industry and Commercial,526.0056327751781,349.308,4.7691685073007575
E09000008,Croydon,2008,Transport,322.74155689928295,349.308,4.7691685073007575
E09000008,Croydon,2009,Domestic,731.5573819831708,352.763,4.268045553222611
E09000008,Croydon,2009,Grand total,1505.6085534914678,352.763,4.268045553222611
E09000008,Croydon,2009,Industry and Commercial,464.17205048365787,352.763,4.268045553222611
E09000008,Croydon,2009,Transport,309.87912102463906,352.763,4.268045553222611
E09000008,Croydon,2010,Domestic,786.2845312641492,357.951,4.396243020204535
E09000008,Croydon,2010,Grand total,1573.6395853252336,357.951,4.396243020204535
E09000008,Croydon,2010,Industry and Commercial,484.9848101103613,357.951,4.396243020204535
E09000008,Croydon,2010,Transport,302.3702439507232,357.951,4.396243020204535
E09000008,Croydon,2011,Domestic,691.2307536783857,364.815,3.896010072043123
E09000008,Croydon,2011,Grand total,1421.3229144324118,364.815,3.896010072043123
E09000008,Croydon,2011,Industry and Commercial,434.36543578728936,364.815,3.896010072043123
E09000008,Croydon,2011,Transport,295.72672496673704,364.815,3.896010072043123
E09000008,Croydon,2012,Domestic,748.5601931865328,368.886,4.104630068614676
E09000008,Croydon,2012,Grand total,1514.1405674909936,368.886,4.104630068614676
E09000008,Croydon,2012,Industry and Commercial,473.79421603778013,368.886,4.104630068614676
E09000008,Croydon,2012,Transport,291.7861582666806,368.886,4.104630068614676
E09000008,Croydon,2013,Domestic,734.0148833321803,372.752,3.9137216948760907
E09000008,Croydon,2013,Grand total,1458.8475892084525,372.752,3.9137216948760907
E09000008,Croydon,2013,Industry and Commercial,436.1074608032987,372.752,3.9137216948760907
E09000008,Croydon,2013,Transport,288.72524507297373,372.752,3.9137216948760907
E09000008,Croydon,2014,Domestic,611.190925255786,376.04,3.282609627417393
E09000008,Croydon,2014,Grand total,1234.3925242940365,376.04,3.282609627417393
E09000008,Croydon,2014,Industry and Commercial,333.7882190182795,376.04,3.282609627417393
E09000008,Croydon,2014,Transport,289.41338001997104,376.04,3.282609627417393
E09000009,Ealing,2005,Domestic,685.4052901909058,312.774,5.332312197847149
E09000009,Ealing,2005,Grand total,1667.8086153694444,312.774,5.332312197847149
E09000009,Ealing,2005,Industry and Commercial,614.3805879725668,312.774,5.332312197847149
E09000009,Ealing,2005,Transport,368.02273720597185,312.774,5.332312197847149
E09000009,Ealing,2006,Domestic,680.1276516783716,315.329,5.395767112547069
E09000009,Ealing,2006,Grand total,1701.4418478323548,315.329,5.395767112547069
E09000009,Ealing,2006,Industry and Commercial,660.3729235933222,315.329,5.395767112547069
E09000009,Ealing,2006,Transport,360.941272560661,315.329,5.395767112547069
E09000009,Ealing,2007,Domestic,664.0990497484099,318.671,5.299645347195545
E09000009,Ealing,2007,Grand total,1688.8432824361516,318.671,5.299645347195545
E09000009,Ealing,2007,Industry and Commercial,681.8751613086986,318.671,5.299645347195545
E09000009,Ealing,2007,Transport,342.869071379043,318.671,5.299645347195545
E09000009,Ealing,2008,Domestic,672.0858548467859,324.022,5.205417983409883
E09000009,Ealing,2008,Grand total,1686.669945820437,324.022,5.205417983409883
E09000009,Ealing,2008,Industry and Commercial,685.5153463486012,324.022,5.205417983409883
E09000009,Ealing,2008,Transport,329.0687446250503,324.022,5.205417983409883
E09000009,Ealing,2009,Domestic,605.9266969062572,329.966,4.6553041058520215
E09000009,Ealing,2009,Grand total,1536.0920745915682,329.966,4.6553041058520215
E09000009,Ealing,2009,Industry and Commercial,612.5366808393951,329.966,4.6553041058520215
E09000009,Ealing,2009,Transport,317.6286968459158,329.966,4.6553041058520215
E09000009,Ealing,2010,Domestic,651.8586146682097,334.073,4.775156812072659
E09000009,Ealing,2010,Grand total,1595.2509616795492,334.073,4.775156812072659
E09000009,Ealing,2010,Industry and Commercial,629.1941395857376,334.073,4.775156812072659
E09000009,Ealing,2010,Transport,314.1982074256019,334.073,4.775156812072659
E09000009,Ealing,2011,Domestic,565.875433648739,339.314,4.351030040958105
E09000009,Ealing,2011,Grand total,1476.3654073176585,339.314,4.351030040958105
E09000009,Ealing,2011,Industry and Commercial,599.0968719699151,339.314,4.351030040958105
E09000009,Ealing,2011,Transport,311.3931016990046,339.314,4.351030040958105
E09000009,Ealing,2012,Domestic,611.6657935820389,340.671,4.641272079599738
E09000009,Ealing,2012,Grand total,1581.1468006293223,340.671,4.641272079599738
E09000009,Ealing,2012,Industry and Commercial,668.2611248086866,340.671,4.641272079599738
E09000009,Ealing,2012,Transport,301.21988223859677,340.671,4.641272079599738
E09000009,Ealing,2013,Domestic,600.8299676083623,342.494,4.575145931744755
E09000009,Ealing,2013,Grand total,1566.9600307469882,342.494,4.575145931744755
E09000009,Ealing,2013,Industry and Commercial,655.0393127860981,342.494,4.575145931744755
E09000009,Ealing,2013,Transport,311.09075035252783,342.494,4.575145931744755
E09000009,Ealing,2014,Domestic,498.35132045877333,342.118,3.8916633189279586
E09000009,Ealing,2014,Grand total,1331.4080713449953,342.118,3.8916633189279586
E09000009,Ealing,2014,Industry and Commercial,528.048832524186,342.118,3.8916633189279586
E09000009,Ealing,2014,Transport,305.0079183620361,342.118,3.8916633189279586
E09000010,Enfield,2005,Domestic,677.3200329201536,284.779,5.090388339343034
E09000010,Enfield,2005,Grand total,1449.6357008897696,284.779,5.090388339343034
E09000010,Enfield,2005,Industry and Commercial,470.77703291497363,284.779,5.090388339343034
E09000010,Enfield,2005,Transport,301.5386350546423,284.779,5.090388339343034
E09000010,Enfield,2006,Domestic,673.3753455558764,287.429,5.527318536846054
E09000010,Enfield,2006,Grand total,1588.7116397271243,287.429,5.527318536846054
E09000010,Enfield,2006,Industry and Commercial,614.1581544698342,287.429,5.527318536846054
E09000010,Enfield,2006,Transport,301.1781397014138,287.429,5.527318536846054
E09000010,Enfield,2007,Domestic,658.0950560575309,291.534,5.427192949304538
E09000010,Enfield,2007,Grand total,1582.2112692825492,291.534,5.427192949304538
E09000010,Enfield,2007,Industry and Commercial,626.6042937704198,291.534,5.427192949304538
E09000010,Enfield,2007,Transport,297.5119194545985,291.534,5.427192949304538
E09000010,Enfield,2008,Domestic,658.8342469064388,297.443,4.785942239574377
E09000010,Enfield,2008,Grand total,1423.5450175657213,297.443,4.785942239574377
E09000010,Enfield,2008,Industry and Commercial,483.1850730820033,297.443,4.785942239574377
E09000010,Enfield,2008,Transport,281.525697577279,297.443,4.785942239574377
E09000010,Enfield,2009,Domestic,591.4299214541805,301.971,4.215313414597591
E09000010,Enfield,2009,Grand total,1272.9024071194492,301.971,4.215313414597591
E09000010,Enfield,2009,Industry and Commercial,408.85371795444223,301.971,4.215313414597591
E09000010,Enfield,2009,Transport,272.61876771082643,301.971,4.215313414597591
E09000010,Enfield,2010,Domestic,634.7535577778542,307.648,4.327212410587042
E09000010,Enfield,2010,Grand total,1331.2582436922823,307.648,4.327212410587042
E09000010,Enfield,2010,Industry and Commercial,430.3199890570714,307.648,4.327212410587042
E09000010,Enfield,2010,Transport,266.18469685735687,307.648,4.327212410587042
E09000010,Enfield,2011,Domestic,552.0348038352862,313.935,3.7768816251169635
E09000010,Enfield,2011,Grand total,1185.695332981094,313.935,3.7768816251169635
E09000010,Enfield,2011,Industry and Commercial,378.15553974870437,313.935,3.7768816251169635
E09000010,Enfield,2011,Transport,255.5049893971035,313.935,3.7768816251169635
E09000010,Enfield,2012,Domestic,597.0898758773037,317.287,3.990982290458595
E09000010,Enfield,2012,Grand total,1266.2867979927362,317.287,3.990982290458595
E09000010,Enfield,2012,Industry and Commercial,412.15481410217,317.287,3.990982290458595
E09000010,Enfield,2012,Transport,257.04210801326263,317.287,3.990982290458595
E09000010,Enfield,2013,Domestic,582.1424090418791,320.524,3.907127850692448
E09000010,Enfield,2013,Grand total,1252.3282472153462,320.524,3.907127850692448
E09000010,Enfield,2013,Industry and Commercial,414.0506861313114,320.524,3.907127850692448
E09000010,Enfield,2013,Transport,256.1351520421558,320.524,3.907127850692448
E09000010,Enfield,2014,Domestic,483.3091107102565,324.574,3.4140082305025103
E09000010,Enfield,2014,Grand total,1108.0983074071219,324.574,3.4140082305025103
E09000010,Enfield,2014,Industry and Commercial,361.47416491959365,324.574,3.4140082305025103
E09000010,Enfield,2014,Transport,263.31503177727143,324.574,3.4140082305025103
E09000011,Greenwich,2005,Domestic,496.2743738385607,230.494,5.460986019746489
E09000011,Greenwich,2005,Grand total,1258.7245116354472,230.494,5.460986019746489
E09000011,Greenwich,2005,Industry and Commercial,430.8166324032883,230.494,5.460986019746489
E09000011,Greenwich,2005,Transport,331.6335053935984,230.494,5.460986019746489
E09000011,Greenwich,2006,Domestic,493.07167539795495,233.99,5.371781366642045
E09000011,Greenwich,2006,Grand total,1256.9431219805722,233.99,5.371781366642045
E09000011,Greenwich,2006,Industry and Commercial,443.2703371323226,233.99,5.371781366642045
E09000011,Greenwich,2006,Transport,320.60110945029476,233.99,5.371781366642045
E09000011,Greenwich,2007,Domestic,478.50090411192025,236.535,5.169937220175326
E09000011,Greenwich,2007,Grand total,1222.8711003741707,236.535,5.169937220175326
E09000011,Greenwich,2007,Industry and Commercial,427.7422565556694,236.535,5.169937220175326
E09000011,Greenwich,2007,Transport,316.6279397065812,236.535,5.169937220175326
E09000011,Greenwich,2008,Domestic,482.50801230367966,239.748,5.1863154155175275
E09000011,Greenwich,2008,Grand total,1243.4087482394962,239.748,5.1863154155175275
E09000011,Greenwich,2008,Industry and Commercial,465.43150203017717,239.748,5.1863154155175275
E09000011,Greenwich,2008,Transport,295.4692339056393,239.748,5.1863154155175275
E09000011,Greenwich,2009,Domestic,435.743028761784,243.672,4.688470673983016
E09000011,Greenwich,2009,Grand total,1142.4490260707894,243.672,4.688470673983016
E09000011,Greenwich,2009,Industry and Commercial,419.6993621571879,243.672,4.688470673983016
E09000011,Greenwich,2009,Transport,287.0066351518175,243.672,4.688470673983016
E09000011,Greenwich,2010,Domestic,468.1632373081083,249.171,4.839009140712151
E09000011,Greenwich,2010,Grand total,1205.7407466003874,249.171,4.839009140712151
E09000011,Greenwich,2010,Industry and Commercial,455.94502014290975,249.171,4.839009140712151
E09000011,Greenwich,2010,Transport,281.63248914936923,249.171,4.839009140712151
E09000011,Greenwich,2011,Domestic,408.5470846748887,255.483,4.1945787500225595
E09000011,Greenwich,2011,Grand total,1071.6435627920137,255.483,4.1945787500225595
E09000011,Greenwich,2011,Industry and Commercial,383.0756447973777,255.483,4.1945787500225595
E09000011,Greenwich,2011,Transport,280.0208333197473,255.483,4.1945787500225595
E09000011,Greenwich,2012,Domestic,439.8632988107327,260.068,4.210180408285545
E09000011,Greenwich,2012,Grand total,1094.933198422005,260.068,4.210180408285545
E09000011,Greenwich,2012,Industry and Commercial,382.48716485531907,260.068,4.210180408285545
E09000011,Greenwich,2012,Transport,272.5827347559532,260.068,4.210180408285545
E09000011,Greenwich,2013,Domestic,426.6903921253408,264.008,3.8187706461341024
E09000011,Greenwich,2013,Grand total,1008.1860007445721,264.008,3.8187706461341024
E09000011,Greenwich,2013,Industry and Commercial,316.96350219136286,264.008,3.8187706461341024
E09000011,Greenwich,2013,Transport,264.53210642786826,264.008,3.8187706461341024
E09000011,Greenwich,2014,Domestic,356.6214866594776,268.678,3.7692446837690325
E09000011,Greenwich,2014,Grand total,1012.7131231456962,268.678,3.7692446837690325
E09000011,Greenwich,2014,Industry and Commercial,389.76338982853173,268.678,3.7692446837690325
E09000011,Greenwich,2014,Transport,266.3282466576869,268.678,3.7692446837690325
E09000012,Hackney,2005,Domestic,429.56530986913293,216.512,4.223552303752764
E09000012,Hackney,2005,Grand total,914.4497563901185,216.512,4.223552303752764
E09000012,Hackney,2005,Industry and Commercial,299.1764725854969,216.512,4.223552303752764
E09000012,Hackney,2005,Transport,185.70797393548884,216.512,4.223552303752764
E09000012,Hackney,2006,Domestic,424.55334779545274,220.193,4.21290696445995
E09000012,Hackney,2006,Grand total,927.6526232253299,220.193,4.21290696445995
E09000012,Hackney,2006,Industry and Commercial,314.6694254749792,220.193,4.21290696445995
E09000012,Hackney,2006,Transport,188.4298499548979,220.193,4.21290696445995
E09000012,Hackney,2007,Domestic,416.8294510836087,224.48,4.0277203673404465
E09000012,Hackney,2007,Grand total,904.1426680605833,224.48,4.0277203673404465
E09000012,Hackney,2007,Industry and Commercial,302.63095493052253,224.48,4.0277203673404465
E09000012,Hackney,2007,Transport,184.68226204645202,224.48,4.0277203673404465
E09000012,Hackney,2008,Domestic,422.83227702616773,231.041,3.9172067407155167
E09000012,Hackney,2008,Grand total,905.0353625816537,231.041,3.9172067407155167
E09000012,Hackney,2008,Industry and Commercial,305.3243623449294,231.041,3.9172067407155167
E09000012,Hackney,2008,Transport,176.87872321055642,231.041,3.9172067407155167
E09000012,Hackney,2009,Domestic,382.72637285002946,236.622,3.487136442838589
E09000012,Hackney,2009,Grand total,825.1331993773526,236.622,3.487136442838589
E09000012,Hackney,2009,Industry and Commercial,271.5048046919426,236.622,3.487136442838589
E09000012,Hackney,2009,Transport,170.90202183538065,236.622,3.487136442838589
E09000012,Hackney,2010,Domestic,412.9780995036075,241.739,3.6425437616187297
E09000012,Hackney,2010,Grand total,880.5448863899501,241.739,3.6425437616187297
E09000012,Hackney,2010,Industry and Commercial,296.2945265172652,241.739,3.6425437616187297
E09000012,Hackney,2010,Transport,171.27226036907746,241.739,3.6425437616187297
E09000012,Hackney,2011,Domestic,364.1335746569642,247.182,3.286978117976115
E09000012,Hackney,2011,Grand total,812.4818251575721,247.182,3.286978117976115
E09000012,Hackney,2011,Industry and Commercial,287.37066995702065,247.182,3.286978117976115
E09000012,Hackney,2011,Transport,160.97758054358735,247.182,3.286978117976115
E09000012,Hackney,2012,Domestic,390.0803194704873,252.119,3.592691266391364
E09000012,Hackney,2012,Grand total,905.7857293913243,252.119,3.592691266391364
E09000012,Hackney,2012,Industry and Commercial,357.983073749767,252.119,3.592691266391364
E09000012,Hackney,2012,Transport,157.7223361710697,252.119,3.592691266391364
E09000012,Hackney,2013,Domestic,380.8645971499072,257.379,3.419801297161398
E09000012,Hackney,2013,Grand total,880.1850380621034,257.379,3.419801297161398
E09000012,Hackney,2013,Industry and Commercial,348.0837081832628,257.379,3.419801297161398
E09000012,Hackney,2013,Transport,151.23673272893345,257.379,3.419801297161398
E09000012,Hackney,2014,Domestic,318.2445245962341,263.15,3.085884852584065
E09000012,Hackney,2014,Grand total,812.0505989574967,263.15,3.085884852584065
E09000012,Hackney,2014,Industry and Commercial,342.3280069722583,263.15,3.085884852584065
E09000012,Hackney,2014,Transport,151.47806738900425,263.15,3.085884852584065
E09000013,Hammersmith and Fulham,2005,Domestic,379.87363088984296,173.292,6.214099442611793
E09000013,Hammersmith and Fulham,2005,Grand total,1076.8537206090828,173.292,6.214099442611793
E09000013,Hammersmith and Fulham,2005,Industry and Commercial,500.27174015052526,173.292,6.214099442611793
E09000013,Hammersmith and Fulham,2005,Transport,196.7083495687144,173.292,6.214099442611793
E09000013,Hammersmith and Fulham,2006,Domestic,374.66747195152846,174.675,6.359684968921549
E09000013,Hammersmith and Fulham,2006,Grand total,1110.8779719463716,174.675,6.359684968921549
E09000013,Hammersmith and Fulham,2006,Industry and Commercial,537.0948155078219,174.675,6.359684968921549
E09000013,Hammersmith and Fulham,2006,Transport,199.1156844870212,174.675,6.359684968921549
E09000013,Hammersmith and Fulham,2007,Domestic,365.14974483930814,176.472,6.154270756328274
E09000013,Hammersmith and Fulham,2007,Grand total,1086.0564689107632,176.472,6.154270756328274
E09000013,Hammersmith and Fulham,2007,Industry and Commercial,525.0233847151255,176.472,6.154270756328274
E09000013,Hammersmith and Fulham,2007,Transport,195.88333935632951,176.472,6.154270756328274
E09000013,Hammersmith and Fulham,2008,Domestic,372.46384228612993,177.088,6.102917399286004
E09000013,Hammersmith and Fulham,2008,Grand total,1080.75343640476,177.088,6.102917399286004
E09000013,Hammersmith and Fulham,2008,Industry and Commercial,530.0155781239009,177.088,6.102917399286004
E09000013,Hammersmith and Fulham,2008,Transport,178.2740159947289,177.088,6.102917399286004
E09000013,Hammersmith and Fulham,2009,Domestic,337.79309552034186,180.116,5.638586673220556
E09000013,Hammersmith and Fulham,2009,Grand total,1015.5996772337937,180.116,5.638586673220556
E09000013,Hammersmith and Fulham,2009,Industry and Commercial,500.4514556077658,180.116,5.638586673220556
E09000013,Hammersmith and Fulham,2009,Transport,177.35512610568608,180.116,5.638586673220556
E09000013,Hammersmith and Fulham,2010,Domestic,362.54813939667656,180.842,5.898791734257954
E09000013,Hammersmith and Fulham,2010,Grand total,1066.749294806677,180.842,5.898791734257954
E09000013,Hammersmith and Fulham,2010,Industry and Commercial,531.5523702329931,180.842,5.898791734257954
E09000013,Hammersmith and Fulham,2010,Transport,172.64878517700728,180.842,5.898791734257954
E09000013,Hammersmith and Fulham,2011,Domestic,314.24136950760254,182.445,5.264917511798171
E09000013,Hammersmith and Fulham,2011,Grand total,960.5578754400173,182.445,5.264917511798171
E09000013,Hammersmith and Fulham,2011,Industry and Commercial,483.27400882685316,182.445,5.264917511798171
E09000013,Hammersmith and Fulham,2011,Transport,163.04249710556158,182.445,5.264917511798171
E09000013,Hammersmith and Fulham,2012,Domestic,339.2016767413984,179.85,5.61978911921819
E09000013,Hammersmith and Fulham,2012,Grand total,1010.7190730913915,179.85,5.61978911921819
E09000013,Hammersmith and Fulham,2012,Industry and Commercial,516.7937989934333,179.85,5.61978911921819
E09000013,Hammersmith and Fulham,2012,Transport,154.72359735655968,179.85,5.61978911921819
E09000013,Hammersmith and Fulham,2013,Domestic,331.640102056427,178.685,5.433925852770777
E09000013,Hammersmith and Fulham,2013,Grand total,970.9610410023463,178.685,5.433925852770777
E09000013,Hammersmith and Fulham,2013,Industry and Commercial,481.8353927680524,178.685,5.433925852770777
E09000013,Hammersmith and Fulham,2013,Transport,157.48554617786704,178.685,5.433925852770777
E09000013,Hammersmith and Fulham,2014,Domestic,276.8795849726352,178.365,4.516944890583515
E09000013,Hammersmith and Fulham,2014,Grand total,805.6648754089287,178.365,4.516944890583515
E09000013,Hammersmith and Fulham,2014,Industry and Commercial,372.5538617535484,178.365,4.516944890583515
E09000013,Hammersmith and Fulham,2014,Transport,156.23142868274516,178.365,4.516944890583515
E09000014,Haringey,2005,Domestic,541.3653508825254,229.271,4.552012328072519
E09000014,Haringey,2005,Grand total,1043.6444184695144,229.271,4.552012328072519
E09000014,Haringey,2005,Industry and Commercial,295.5053385029541,229.271,4.552012328072519
E09000014,Haringey,2005,Transport,206.77372908403512,229.271,4.552012328072519
E09000014,Haringey,2006,Domestic,536.9299405737731,233.174,4.513819571770828
E09000014,Haringey,2006,Grand total,1052.505364828091,233.174,4.513819571770828
E09000014,Haringey,2006,Industry and Commercial,311.11666401144436,233.174,4.513819571770828
E09000014,Haringey,2006,Transport,204.45876024287332,233.174,4.513819571770828
E09000014,Haringey,2007,Domestic,520.1672203086366,236.793,4.217107935507837
E09000014,Haringey,2007,Grand total,998.5816393727072,236.793,4.217107935507837
E09000014,Haringey,2007,Industry and Commercial,276.39543754610804,236.793,4.217107935507837
E09000014,Haringey,2007,Transport,202.01898151796254,236.793,4.217107935507837
E09000014,Haringey,2008,Domestic,521.075553488825,244.459,4.2055023040785215
E09000014,Haringey,2008,Grand total,1028.0728877527313,244.459,4.2055023040785215
E09000014,Haringey,2008,Industry and Commercial,317.29682597764196,244.459,4.2055023040785215
E09000014,Haringey,2008,Transport,189.7005082862643,244.459,4.2055023040785215
E09000014,Haringey,2009,Domestic,465.9944013861641,249.805,3.715173217955171
E09000014,Haringey,2009,Grand total,928.0688457112915,249.805,3.715173217955171
E09000014,Haringey,2009,Industry and Commercial,281.7461689331294,249.805,3.715173217955171
E09000014,Haringey,2009,Transport,180.32827539199806,249.805,3.715173217955171
E09000014,Haringey,2010,Domestic,501.2445531606746,252.742,3.8434351693068156
E09000014,Haringey,2010,Grand total,971.3974915609432,252.742,3.8434351693068156
E09000014,Haringey,2010,Industry and Commercial,293.52169616876375,252.742,3.8434351693068156
E09000014,Haringey,2010,Transport,176.6312422315048,252.742,3.8434351693068156
E09000014,Haringey,2011,Domestic,435.3994443921462,255.54,3.4021539165544104
E09000014,Haringey,2011,Grand total,869.386411836314,255.54,3.4021539165544104
E09000014,Haringey,2011,Industry and Commercial,262.4673059622097,255.54,3.4021539165544104
E09000014,Haringey,2011,Transport,171.51966148195814,255.54,3.4021539165544104
E09000014,Haringey,2012,Domestic,465.08152865520583,258.912,3.5630254582407277
E09000014,Haringey,2012,Grand total,922.5100474440233,258.912,3.5630254582407277
E09000014,Haringey,2012,Industry and Commercial,288.3844885624454,258.912,3.5630254582407277
E09000014,Haringey,2012,Transport,169.044030226372,258.912,3.5630254582407277
E09000014,Haringey,2013,Domestic,455.34486500032347,263.386,3.394252864166565
E09000014,Haringey,2013,Grand total,893.998684881375,263.386,3.394252864166565
E09000014,Haringey,2013,Industry and Commercial,272.0348237023797,263.386,3.394252864166565
E09000014,Haringey,2013,Transport,166.61899617867184,263.386,3.394252864166565
E09000014,Haringey,2014,Domestic,376.2632634805634,267.541,2.8808938483066613
E09000014,Haringey,2014,Grand total,770.7572210698124,267.541,2.8808938483066613
E09000014,Haringey,2014,Industry and Commercial,226.03492198511083,267.541,2.8808938483066613
E09000014,Haringey,2014,Transport,168.45903560413814,267.541,2.8808938483066613
E09000015,Harrow,2005,Domestic,535.2289888111687,221.109,4.519482160379177
E09000015,Harrow,2005,Grand total,999.2981809992795,221.109,4.519482160379177
E09000015,Harrow,2005,Industry and Commercial,298.7183983381396,221.109,4.519482160379177
E09000015,Harrow,2005,Transport,165.35079384997118,221.109,4.519482160379177
E09000015,Harrow,2006,Domestic,535.6396446658632,223.632,4.414694799892522
E09000015,Harrow,2006,Grand total,987.2670274895645,223.632,4.414694799892522
E09000015,Harrow,2006,Industry and Commercial,290.78447715044297,223.632,4.414694799892522
E09000015,Harrow,2006,Transport,160.84290567325826,223.632,4.414694799892522
E09000015,Harrow,2007,Domestic,522.2508069079877,226.355,4.2712646741754625
E09000015,Harrow,2007,Grand total,966.8221153229867,226.355,4.2712646741754625
E09000015,Harrow,2007,Industry and Commercial,286.591482790035,226.355,4.2712646741754625
E09000015,Harrow,2007,Transport,157.97982562496406,226.355,4.2712646741754625
E09000015,Harrow,2008,Domestic,525.816411851949,229.567,4.209567351196989
E09000015,Harrow,2008,Grand total,966.377748112239,229.567,4.209567351196989
E09000015,Harrow,2008,Industry and Commercial,289.52859874009135,229.567,4.209567351196989
E09000015,Harrow,2008,Transport,151.03273752019857,229.567,4.209567351196989
E09000015,Harrow,2009,Domestic,475.0220335422909,233.495,3.707655572108587
E09000015,Harrow,2009,Grand total,865.7190378094946,233.495,3.707655572108587
E09000015,Harrow,2009,Industry and Commercial,247.02198629322595,233.495,3.707655572108587
E09000015,Harrow,2009,Transport,143.67501797397787,233.495,3.707655572108587
E09000015,Harrow,2010,Domestic,514.8322765395683,237.451,3.819635456787449
E09000015,Harrow,2010,Grand total,906.9762588496366,237.451,3.819635456787449
E09000015,Harrow,2010,Industry and Commercial,252.29332026770126,237.451,3.819635456787449
E09000015,Harrow,2010,Transport,139.850662042367,237.451,3.819635456787449
E09000015,Harrow,2011,Domestic,447.153077381025,240.499,3.3459454801940423
E09000015,Harrow,2011,Grand total,804.696542041187,240.499,3.3459454801940423
E09000015,Harrow,2011,Industry and Commercial,218.90619366324668,240.499,3.3459454801940423
E09000015,Harrow,2011,Transport,138.6372709969152,240.499,3.3459454801940423
E09000015,Harrow,2012,Domestic,482.9776888837597,242.377,3.5611788896102294
E09000015,Harrow,2012,Grand total,863.1478557270586,242.377,3.5611788896102294
E09000015,Harrow,2012,Industry and Commercial,241.72984889455276,242.377,3.5611788896102294
E09000015,Harrow,2012,Transport,138.4403179487461,242.377,3.5611788896102294
E09000015,Harrow,2013,Domestic,478.88547200579353,243.373,3.4149114466043726
E09000015,Harrow,2013,Grand total,831.0972434944459,243.373,3.4149114466043726
E09000015,Harrow,2013,Industry and Commercial,218.09650288790414,243.373,3.4149114466043726
E09000015,Harrow,2013,Transport,134.11526860074815,243.373,3.4149114466043726
E09000015,Harrow,2014,Domestic,400.0573065770891,246.011,3.00280812187781
E09000015,Harrow,2014,Grand total,738.7238288712819,246.011,3.00280812187781
E09000015,Harrow,2014,Industry and Commercial,205.29795387240407,246.011,3.00280812187781
E09000015,Harrow,2014,Transport,133.36856842178872,246.011,3.00280812187781
E09000016,Havering,2005,Domestic,578.9170842224437,226.99,5.183937046100155
E09000016,Havering,2005,Grand total,1176.7018700942742,226.99,5.183937046100155
E09000016,Havering,2005,Industry and Commercial,309.37772671325496,226.99,5.183937046100155
E09000016,Havering,2005,Transport,288.4070591585757,226.99,5.183937046100155
E09000016,Havering,2006,Domestic,576.8982176688356,228.198,5.162152285175514
E09000016,Havering,2006,Grand total,1177.992827172482,228.198,5.162152285175514
E09000016,Havering,2006,Industry and Commercial,313.9593365898975,228.198,5.162152285175514
E09000016,Havering,2006,Transport,287.1352729137491,228.198,5.162152285175514
E09000016,Havering,2007,Domestic,559.1925285420203,229.789,4.932535643648334
E09000016,Havering,2007,Grand total,1133.442433018307,229.789,4.932535643648334
E09000016,Havering,2007,Industry and Commercial,293.8216411191139,229.789,4.932535643648334
E09000016,Havering,2007,Transport,280.4282633571727,229.789,4.932535643648334
E09000016,Havering,2008,Domestic,561.792795536493,231.793,4.833541720593675
E09000016,Havering,2008,Grand total,1120.3811360415698,231.793,4.833541720593675
E09000016,Havering,2008,Industry and Commercial,294.75835870838097,231.793,4.833541720593675
E09000016,Havering,2008,Transport,263.82998179669596,231.793,4.833541720593675
E09000016,Havering,2009,Domestic,503.398619726452,234.127,4.387491168242294
E09000016,Havering,2009,Grand total,1027.2301447470636,234.127,4.387491168242294
E09000016,Havering,2009,Industry and Commercial,260.33750600159124,234.127,4.387491168242294
E09000016,Havering,2009,Transport,263.4940190190205,234.127,4.387491168242294
E09000016,Havering,2010,Domestic,543.6432019911834,236.234,4.712458961920124
E09000016,Havering,2010,Grand total,1113.2430304102386,236.234,4.712458961920124
E09000016,Havering,2010,Industry and Commercial,309.02543124745836,236.234,4.712458961920124
E09000016,Havering,2010,Transport,260.57439717159707,236.234,4.712458961920124
E09000016,Havering,2011,Domestic,470.32537851840334,237.927,4.113921139067832
E09000016,Havering,2011,Grand total,978.8129148549922,237.927,4.113921139067832
E09000016,Havering,2011,Industry and Commercial,251.53874677196643,237.927,4.113921139067832
E09000016,Havering,2011,Transport,256.94878956462236,237.927,4.113921139067832
E09000016,Havering,2012,Domestic,508.33257555077853,239.733,4.339429697519612
E09000016,Havering,2012,Grand total,1040.304499675469,239.733,4.339429697519612
E09000016,Havering,2012,Industry and Commercial,274.41968920739697,239.733,4.339429697519612
E09000016,Havering,2012,Transport,257.5522349172937,239.733,4.339429697519612
E09000016,Havering,2013,Domestic,496.14580534670847,242.08,4.184346760274527
E09000016,Havering,2013,Grand total,1012.9466637272575,242.08,4.184346760274527
E09000016,Havering,2013,Industry and Commercial,263.94926254346734,242.08,4.184346760274527
E09000016,Havering,2013,Transport,252.85159583708162,242.08,4.184346760274527
E09000016,Havering,2014,Domestic,412.9875488021336,245.974,3.613840046278405
E09000016,Havering,2014,Grand total,888.9106915432843,245.974,3.613840046278405
E09000016,Havering,2014,Industry and Commercial,219.16104124289905,245.974,3.613840046278405
E09000016,Havering,2014,Transport,256.7621014982516,245.974,3.613840046278405
E09000017,Hillingdon,2005,Domestic,586.6565718938522,251.43,8.695631500729576
E09000017,Hillingdon,2005,Grand total,2186.342628228437,251.43,8.695631500729576
E09000017,Hillingdon,2005,Industry and Commercial,1055.4146903286983,251.43,8.695631500729576
E09000017,Hillingdon,2005,Transport,544.2713660058866,251.43,8.695631500729576
E09000017,Hillingdon,2006,Domestic,587.5427108379638,254.387,8.586077254776082
E09000017,Hillingdon,2006,Grand total,2184.186434610723,254.387,8.586077254776082
E09000017,Hillingdon,2006,Industry and Commercial,1066.6085091790271,254.387,8.586077254776082
E09000017,Hillingdon,2006,Transport,530.0352145937318,254.387,8.586077254776082
E09000017,Hillingdon,2007,Domestic,571.760282304513,256.981,8.082982089063417
E09000017,Hillingdon,2007,Grand total,2077.172820229606,256.981,8.082982089063417
E09000017,Hillingdon,2007,Industry and Commercial,986.3871899478858,256.981,8.082982089063417
E09000017,Hillingdon,2007,Transport,519.025347977207,256.981,8.082982089063417
E09000017,Hillingdon,2008,Domestic,577.708414575222,261.051,8.382343553939512
E09000017,Hillingdon,2008,Grand total,2188.2191670994634,261.051,8.382343553939512
E09000017,Hillingdon,2008,Industry and Commercial,1110.852343517427,261.051,8.382343553939512
E09000017,Hillingdon,2008,Transport,499.6584090068146,261.051,8.382343553939512
E09000017,Hillingdon,2009,Domestic,521.4627496463215,265.665,7.270822545034051
E09000017,Hillingdon,2009,Grand total,1931.6030714264712,265.665,7.270822545034051
E09000017,Hillingdon,2009,Industry and Commercial,920.1887145313094,265.665,7.270822545034051
E09000017,Hillingdon,2009,Transport,489.9516072488402,265.665,7.270822545034051
E09000017,Hillingdon,2010,Domestic,561.299587636147,269.465,7.2303149589515305
E09000017,Hillingdon,2010,Grand total,1948.316820413874,269.465,7.2303149589515305
E09000017,Hillingdon,2010,Industry and Commercial,905.6905916557715,269.465,7.2303149589515305
E09000017,Hillingdon,2010,Transport,481.32664112195505,269.465,7.2303149589515305
E09000017,Hillingdon,2011,Domestic,490.5154764059574,275.499,6.1356332011254215
E09000017,Hillingdon,2011,Grand total,1690.3608112768527,275.499,6.1356332011254215
E09000017,Hillingdon,2011,Industry and Commercial,729.8399353311194,275.499,6.1356332011254215
E09000017,Hillingdon,2011,Transport,470.0053995397759,275.499,6.1356332011254215
E09000017,Hillingdon,2012,Domestic,531.7359275160435,281.756,6.836235537478177
E09000017,Hillingdon,2012,Grand total,1926.1503800977011,281.756,6.836235537478177
E09000017,Hillingdon,2012,Industry and Commercial,926.6990060407715,281.756,6.836235537478177
E09000017,Hillingdon,2012,Transport,467.7154465408862,281.756,6.836235537478177
E09000017,Hillingdon,2013,Domestic,523.3078586338471,286.808,6.505500799432066
E09000017,Hillingdon,2013,Grand total,1865.829673283512,286.808,6.505500799432066
E09000017,Hillingdon,2013,Industry and Commercial,874.5497807130222,286.808,6.505500799432066
E09000017,Hillingdon,2013,Transport,467.9720339366428,286.808,6.505500799432066
E09000017,Hillingdon,2014,Domestic,436.502947373203,292.69,5.339148668866559
E09000017,Hillingdon,2014,Grand total,1562.7154238905532,292.69,5.339148668866559
E09000017,Hillingdon,2014,Industry and Commercial,659.3090756066252,292.69,5.339148668866559
E09000017,Hillingdon,2014,Transport,466.9034009107251,292.69,5.339148668866559
E09000018,Hounslow,2005,Domestic,491.5832088876521,223.776,6.7820469473266805
E09000018,Hounslow,2005,Grand total,1517.6593376849753,223.776,6.7820469473266805
E09000018,Hounslow,2005,Industry and Commercial,675.2446100943808,223.776,6.7820469473266805
E09000018,Hounslow,2005,Transport,350.83151870294245,223.776,6.7820469473266805
E09000018,Hounslow,2006,Domestic,492.13765760345143,228.126,6.782941755768557
E09000018,Hounslow,2006,Grand total,1547.3653709764578,228.126,6.782941755768557
E09000018,Hounslow,2006,Industry and Commercial,713.4300116383794,228.126,6.782941755768557
E09000018,Hounslow,2006,Transport,341.7977017346269,228.126,6.782941755768557
E09000018,Hounslow,2007,Domestic,483.5522023420781,233.454,6.491831218045488
E09000018,Hounslow,2007,Grand total,1515.5439651775914,233.454,6.491831218045488
E09000018,Hounslow,2007,Industry and Commercial,695.2968169403762,233.454,6.491831218045488
E09000018,Hounslow,2007,Transport,336.69494589513715,233.454,6.491831218045488
E09000018,Hounslow,2008,Domestic,491.08292470375056,237.907,6.129187027838137
E09000018,Hounslow,2008,Grand total,1458.1764982318878,237.907,6.129187027838137
E09000018,Hounslow,2008,Industry and Commercial,648.3315922620305,237.907,6.129187027838137
E09000018,Hounslow,2008,Transport,318.7619812661063,237.907,6.129187027838137
E09000018,Hounslow,2009,Domestic,442.08909863505903,243.366,5.516486961504729
E09000018,Hounslow,2009,Grand total,1342.5253658735598,243.366,5.516486961504729
E09000018,Hounslow,2009,Industry and Commercial,594.5934783059527,243.366,5.516486961504729
E09000018,Hounslow,2009,Transport,305.84278893254833,243.366,5.516486961504729
E09000018,Hounslow,2010,Domestic,476.3791814469607,249.236,5.807630688294883
E09000018,Hounslow,2010,Grand total,1447.4706422278634,249.236,5.807630688294883
E09000018,Hounslow,2010,Industry and Commercial,671.2443818085486,249.236,5.807630688294883
E09000018,Hounslow,2010,Transport,299.84707897235427,249.236,5.807630688294883
E09000018,Hounslow,2011,Domestic,416.89287090256494,254.927,5.209264801657881
E09000018,Hounslow,2011,Grand total,1327.9822480922385,254.927,5.209264801657881
E09000018,Hounslow,2011,Industry and Commercial,621.1616294225022,254.927,5.209264801657881
E09000018,Hounslow,2011,Transport,289.92774776717124,254.927,5.209264801657881
E09000018,Hounslow,2012,Domestic,450.3469619768212,259.052,5.40793565563097
E09000018,Hounslow,2012,Grand total,1400.9365474625142,259.052,5.40793565563097
E09000018,Hounslow,2012,Industry and Commercial,660.7637698799017,259.052,5.40793565563097
E09000018,Hounslow,2012,Transport,289.8258156057914,259.052,5.40793565563097
E09000018,Hounslow,2013,Domestic,440.4879183327418,262.407,5.122925281938688
E09000018,Hounslow,2013,Grand total,1344.2914544576852,262.407,5.122925281938688
E09000018,Hounslow,2013,Industry and Commercial,621.3873553417523,262.407,5.122925281938688
E09000018,Hounslow,2013,Transport,282.4161807831911,262.407,5.122925281938688
E09000018,Hounslow,2014,Domestic,367.46033677311584,265.568,4.480340925319834
E09000018,Hounslow,2014,Grand total,1189.8351788553375,265.568,4.480340925319834
E09000018,Hounslow,2014,Industry and Commercial,538.0264855115886,265.568,4.480340925319834
E09000018,Hounslow,2014,Transport,284.34835657063303,265.568,4.480340925319834
E09000019,Islington,2005,Domestic,404.4310486425791,183.477,6.459065009240724
E09000019,Islington,2005,Grand total,1185.0898707004603,183.477,6.459065009240724
E09000019,Islington,2005,Industry and Commercial,629.7626100824017,183.477,6.459065009240724
E09000019,Islington,2005,Transport,150.89621197547967,183.477,6.459065009240724
E09000019,Islington,2006,Domestic,399.52686126685796,185.283,6.617787609875566
E09000019,Islington,2006,Grand total,1226.1635417205744,185.283,6.617787609875566
E09000019,Islington,2006,Industry and Commercial,676.9322852008731,185.283,6.617787609875566
E09000019,Islington,2006,Transport,149.7043952528433,185.283,6.617787609875566
E09000019,Islington,2007,Domestic,391.7877046266658,188.636,6.3353368160951415
E09000019,Islington,2007,Grand total,1195.072595640923,188.636,6.3353368160951415
E09000019,Islington,2007,Industry and Commercial,655.0481252551835,188.636,6.3353368160951415
E09000019,Islington,2007,Transport,148.2367657590737,188.636,6.3353368160951415
E09000019,Islington,2008,Domestic,398.2712437003202,192.089,6.347219075854867
E09000019,Islington,2008,Grand total,1219.2309650618856,192.089,6.347219075854867
E09000019,Islington,2008,Industry and Commercial,680.6900798131402,192.089,6.347219075854867
E09000019,Islington,2008,Transport,140.26964154842497,192.089,6.347219075854867
E09000019,Islington,2009,Domestic,360.9578637374347,196.704,5.600347472839741
E09000019,Islington,2009,Grand total,1101.6107492974684,196.704,5.600347472839741
E09000019,Islington,2009,Industry and Commercial,605.1285233861881,196.704,5.600347472839741
E09000019,Islington,2009,Transport,135.5243621738455,196.704,5.600347472839741
E09000019,Islington,2010,Domestic,386.4381040004991,200.129,5.81311692918924
E09000019,Islington,2010,Grand total,1163.3732779217135,200.129,5.81311692918924
E09000019,Islington,2010,Industry and Commercial,644.8199562720434,200.129,5.81311692918924
E09000019,Islington,2010,Transport,132.1152176491706,200.129,5.81311692918924
E09000019,Islington,2011,Domestic,335.92442480416804,206.285,4.953208517654756
E09000019,Islington,2011,Grand total,1021.7726190644113,206.285,4.953208517654756
E09000019,Islington,2011,Industry and Commercial,557.9416158893222,206.285,4.953208517654756
E09000019,Islington,2011,Transport,127.9065783709212,206.285,4.953208517654756
E09000019,Islington,2012,Domestic,362.9875768674479,211.047,5.313963617625187
E09000019,Islington,2012,Grand total,1121.4960796089429,211.047,5.313963617625187
E09000019,Islington,2012,Industry and Commercial,632.5974052995432,211.047,5.313963617625187
E09000019,Islington,2012,Transport,125.91109744195177,211.047,5.313963617625187
E09000019,Islington,2013,Domestic,352.6109257904314,215.671,4.873203191183555
E09000019,Islington,2013,Grand total,1051.0086054457486,215.671,4.873203191183555
E09000019,Islington,2013,Industry and Commercial,576.5345764232607,215.671,4.873203191183555
E09000019,Islington,2013,Transport,121.86310323205663,215.671,4.873203191183555
E09000019,Islington,2014,Domestic,293.8164792657463,221.03,3.9673326127566195
E09000019,Islington,2014,Grand total,876.8995273975956,221.03,3.9673326127566195
E09000019,Islington,2014,Industry and Commercial,459.508758201433,221.03,3.9673326127566195
E09000019,Islington,2014,Transport,123.57428993041647,221.03,3.9673326127566195
E09000020,Kensington and Chelsea,2005,Domestic,417.2017200879055,168.375,8.15515133978679
E09000020,Kensington and Chelsea,2005,Grand total,1373.1236068366009,168.375,8.15515133978679
E09000020,Kensington and Chelsea,2005,Industry and Commercial,781.591765163224,168.375,8.15515133978679
E09000020,Kensington and Chelsea,2005,Transport,174.33012158547146,168.375,8.15515133978679
E09000020,Kensington and Chelsea,2006,Domestic,415.55987314530876,165.245,8.532000594384579
E09000020,Kensington and Chelsea,2006,Grand total,1409.8704382190797,165.245,8.532000594384579
E09000020,Kensington and Chelsea,2006,Industry and Commercial,820.7990802553263,165.245,8.532000594384579
E09000020,Kensington and Chelsea,2006,Transport,173.51148481844467,165.245,8.532000594384579
E09000020,Kensington and Chelsea,2007,Domestic,406.2937880729929,162.883,8.357168012725209
E09000020,Kensington and Chelsea,2007,Grand total,1361.2405974167204,162.883,8.357168012725209
E09000020,Kensington and Chelsea,2007,Industry and Commercial,786.1527753255986,162.883,8.357168012725209
E09000020,Kensington and Chelsea,2007,Transport,168.7940340181289,162.883,8.357168012725209
E09000020,Kensington and Chelsea,2008,Domestic,415.67469827415283,162.579,8.441102113460557
E09000020,Kensington and Chelsea,2008,Grand total,1372.345940504304,162.579,8.441102113460557
E09000020,Kensington and Chelsea,2008,Industry and Commercial,798.785005500324,162.579,8.441102113460557
E09000020,Kensington and Chelsea,2008,Transport,157.88623672982752,162.579,8.441102113460557
E09000020,Kensington and Chelsea,2009,Domestic,381.2499349307797,161.893,7.844280129113821
E09000020,Kensington and Chelsea,2009,Grand total,1269.9340429426238,161.893,7.844280129113821
E09000020,Kensington and Chelsea,2009,Industry and Commercial,732.5504886339941,161.893,7.844280129113821
E09000020,Kensington and Chelsea,2009,Transport,156.13361937784987,161.893,7.844280129113821
E09000020,Kensington and Chelsea,2010,Domestic,409.8927634479331,160.463,8.786892897472383
E09000020,Kensington and Chelsea,2010,Grand total,1409.9711950071107,160.463,8.786892897472383
E09000020,Kensington and Chelsea,2010,Industry and Commercial,845.8441407964694,160.463,8.786892897472383
E09000020,Kensington and Chelsea,2010,Transport,154.23429076270807,160.463,8.786892897472383
E09000020,Kensington and Chelsea,2011,Domestic,362.3752968051635,158.251,8.253566822331438
E09000020,Kensington and Chelsea,2011,Grand total,1306.1352032007724,158.251,8.253566822331438
E09000020,Kensington and Chelsea,2011,Industry and Commercial,793.9654358682398,158.251,8.253566822331438
E09000020,Kensington and Chelsea,2011,Transport,149.79447052736924,158.251,8.253566822331438
E09000020,Kensington and Chelsea,2012,Domestic,391.0277970254286,155.93,8.65995652579797
E09000020,Kensington and Chelsea,2012,Grand total,1350.3470210676774,155.93,8.65995652579797
E09000020,Kensington and Chelsea,2012,Industry and Commercial,814.0168230712032,155.93,8.65995652579797
E09000020,Kensington and Chelsea,2012,Transport,145.3024009710456,155.93,8.65995652579797
E09000020,Kensington and Chelsea,2013,Domestic,379.2756355104439,155.594,7.880513457748668
E09000020,Kensington and Chelsea,2013,Grand total,1226.1606109449463,155.594,7.880513457748668
E09000020,Kensington and Chelsea,2013,Industry and Commercial,706.2787488295503,155.594,7.880513457748668
E09000020,Kensington and Chelsea,2013,Transport,140.60622660495198,155.594,7.880513457748668
E09000020,Kensington and Chelsea,2014,Domestic,314.7411306462971,156.19,7.377017087287456
E09000020,Kensington and Chelsea,2014,Grand total,1152.2162988634277,156.19,7.377017087287456
E09000020,Kensington and Chelsea,2014,Industry and Commercial,685.1503278927863,156.19,7.377017087287456
E09000020,Kensington and Chelsea,2014,Transport,152.32484032434408,156.19,7.377017087287456
E09000021,Kingston upon Thames,2005,Domestic,370.04119912196796,152.489,5.816276384931104
E09000021,Kingston upon Thames,2005,Grand total,886.9181696617592,152.489,5.816276384931104
E09000021,Kingston upon Thames,2005,Industry and Commercial,260.7149369223926,152.489,5.816276384931104
E09000021,Kingston upon Thames,2005,Transport,256.16203361739855,152.489,5.816276384931104
E09000021,Kingston upon Thames,2006,Domestic,367.2004044866594,153.667,5.696243050990052
E09000021,Kingston upon Thames,2006,Grand total,875.3245809164883,153.667,5.696243050990052
E09000021,Kingston upon Thames,2006,Industry and Commercial,264.4515803629964,153.667,5.696243050990052
E09000021,Kingston upon Thames,2006,Transport,243.6725960668325,153.667,5.696243050990052
E09000021,Kingston upon Thames,2007,Domestic,358.2557423019964,154.485,5.60270804868103
E09000021,Kingston upon Thames,2007,Grand total,865.534352900489,154.485,5.60270804868103
E09000021,Kingston upon Thames,2007,Industry and Commercial,262.11997108219555,154.485,5.60270804868103
E09000021,Kingston upon Thames,2007,Transport,245.1586395162969,154.485,5.60270804868103
E09000021,Kingston upon Thames,2008,Domestic,362.0148184270453,156.027,5.433419323928497
E09000021,Kingston upon Thames,2008,Grand total,847.7601168545915,156.027,5.433419323928497
E09000021,Kingston upon Thames,2008,Industry and Commercial,252.76967664538958,156.027,5.433419323928497
E09000021,Kingston upon Thames,2008,Transport,232.97562178215657,156.027,5.433419323928497
E09000021,Kingston upon Thames,2009,Domestic,326.5609376967372,157.307,4.962161369501089
E09000021,Kingston upon Thames,2009,Grand total,780.5827185521078,157.307,4.962161369501089
E09000021,Kingston upon Thames,2009,Industry and Commercial,228.35818973117492,157.307,4.962161369501089
E09000021,Kingston upon Thames,2009,Transport,225.66359112419573,157.307,4.962161369501089
E09000021,Kingston upon Thames,2010,Domestic,351.5538400690954,158.648,5.190403961092673
E09000021,Kingston upon Thames,2010,Grand total,823.4472076194303,158.648,5.190403961092673
E09000021,Kingston upon Thames,2010,Industry and Commercial,236.10915660826117,158.648,5.190403961092673
E09000021,Kingston upon Thames,2010,Transport,235.78421094207366,158.648,5.190403961092673
E09000021,Kingston upon Thames,2011,Domestic,306.61586748066435,160.436,4.614738557541569
E09000021,Kingston upon Thames,2011,Grand total,740.3701952177393,160.436,4.614738557541569
E09000021,Kingston upon Thames,2011,Industry and Commercial,215.58583326027852,160.436,4.614738557541569
E09000021,Kingston upon Thames,2011,Transport,218.1684944767964,160.436,4.614738557541569
E09000021,Kingston upon Thames,2012,Domestic,334.5078548854854,163.906,4.740509813543083
E09000021,Kingston upon Thames,2012,Grand total,776.9980014985927,163.906,4.740509813543083
E09000021,Kingston upon Thames,2012,Industry and Commercial,228.69216902169092,163.906,4.740509813543083
E09000021,Kingston upon Thames,2012,Transport,213.7979775914164,163.906,4.740509813543083
E09000021,Kingston upon Thames,2013,Domestic,326.36401577794584,166.793,4.544795604211919
E09000021,Kingston upon Thames,2013,Grand total,758.0400932133188,166.793,4.544795604211919
E09000021,Kingston upon Thames,2013,Industry and Commercial,222.1205264851114,166.793,4.544795604211919
E09000021,Kingston upon Thames,2013,Transport,209.55555095026142,166.793,4.544795604211919
E09000021,Kingston upon Thames,2014,Domestic,271.41082867079876,169.958,3.984136483747474
E09000021,Kingston upon Thames,2014,Grand total,677.1358685047531,169.958,3.984136483747474
E09000021,Kingston upon Thames,2014,Industry and Commercial,198.64675525633058,169.958,3.984136483747474
E09000021,Kingston upon Thames,2014,Transport,207.07828457762383,169.958,3.984136483747474
E09000022,Lambeth,2005,Domestic,602.8689986527195,277.62,5.085262089960171
E09000022,Lambeth,2005,Grand total,1411.7704614147426,277.62,5.085262089960171
E09000022,Lambeth,2005,Industry and Commercial,519.0704672067758,277.62,5.085262089960171
E09000022,Lambeth,2005,Transport,289.83099555524717,277.62,5.085262089960171
E09000022,Lambeth,2006,Domestic,594.7018388718087,280.524,5.078539114144178
E09000022,Lambeth,2006,Grand total,1424.6521064561814,280.524,5.078539114144178
E09000022,Lambeth,2006,Industry and Commercial,546.1213667340838,280.524,5.078539114144178
E09000022,Lambeth,2006,Transport,283.8289008502892,280.524,5.078539114144178
E09000022,Lambeth,2007,Domestic,576.0906075019627,284.964,4.849494117030719
E09000022,Lambeth,2007,Grand total,1381.931241565542,284.964,4.849494117030719
E09000022,Lambeth,2007,Industry and Commercial,524.2673165545517,284.964,4.849494117030719
E09000022,Lambeth,2007,Transport,281.5733175090275,284.964,4.849494117030719
E09000022,Lambeth,2008,Domestic,583.6428394302054,289.126,4.785078340449554
E09000022,Lambeth,2008,Grand total,1383.4905602608178,289.126,4.785078340449554
E09000022,Lambeth,2008,Industry and Commercial,534.6622840905403,289.126,4.785078340449554
E09000022,Lambeth,2008,Transport,265.18543674007196,289.126,4.785078340449554
E09000022,Lambeth,2009,Domestic,525.0808333734307,294.05,4.367490315395258
E09000022,Lambeth,2009,Grand total,1284.2605272419755,294.05,4.367490315395258
E09000022,Lambeth,2009,Industry and Commercial,505.6536970823567,294.05,4.367490315395258
E09000022,Lambeth,2009,Transport,253.5259967861885,294.05,4.367490315395258
E09000022,Lambeth,2010,Domestic,563.4866268879599,297.65,4.492157341801103
E09000022,Lambeth,2010,Grand total,1337.090632787098,297.65,4.492157341801103
E09000022,Lambeth,2010,Industry and Commercial,527.2297620772197,297.65,4.492157341801103
E09000022,Lambeth,2010,Transport,246.3742438219181,297.65,4.492157341801103
E09000022,Lambeth,2011,Domestic,493.4429424451735,304.481,4.002261587923011
E09000022,Lambeth,2011,Grand total,1218.6126105523863,304.481,4.002261587923011
E09000022,Lambeth,2011,Industry and Commercial,487.19529657003653,304.481,4.002261587923011
E09000022,Lambeth,2011,Transport,237.97437153717624,304.481,4.002261587923011
E09000022,Lambeth,2012,Domestic,532.5732171476402,310.2,4.139777748437353
E09000022,Lambeth,2012,Grand total,1284.1590575652667,310.2,4.139777748437353
E09000022,Lambeth,2012,Industry and Commercial,524.0362973607911,310.2,4.139777748437353
E09000022,Lambeth,2012,Transport,227.5495430568354,310.2,4.139777748437353
E09000022,Lambeth,2013,Domestic,519.5560107529996,314.242,4.002868192285914
E09000022,Lambeth,2013,Grand total,1257.8693064803101,314.242,4.002868192285914
E09000022,Lambeth,2013,Industry and Commercial,516.5183947138373,314.242,4.002868192285914
E09000022,Lambeth,2013,Transport,221.79490101347326,314.242,4.002868192285914
E09000022,Lambeth,2014,Domestic,429.9450923150251,318.216,3.426065425293882
E09000022,Lambeth,2014,Grand total,1090.2288353753179,318.216,3.426065425293882
E09000022,Lambeth,2014,Industry and Commercial,435.8084829754563,318.216,3.426065425293882
E09000022,Lambeth,2014,Transport,224.47526008483655,318.216,3.426065425293882
E09000023,Lewisham,2005,Domestic,574.9996106994988,254.93,4.578609963471643
E09000023,Lewisham,2005,Grand total,1167.225037987826,254.93,4.578609963471643
E09000023,Lewisham,2005,Industry and Commercial,310.8310111757924,254.93,4.578609963471643
E09000023,Lewisham,2005,Transport,281.3944161125348,254.93,4.578609963471643
E09000023,Lewisham,2006,Domestic,565.7132814369543,257.976,4.47496236241205
E09000023,Lewisham,2006,Grand total,1154.432890405611,257.976,4.47496236241205
E09000023,Lewisham,2006,Industry and Commercial,313.0493800641308,257.976,4.47496236241205
E09000023,Lewisham,2006,Transport,275.670228904526,257.976,4.47496236241205
E09000023,Lewisham,2007,Domestic,549.6738514836283,261.188,4.311477913289233
E09000023,Lewisham,2007,Grand total,1126.106293216188,261.188,4.311477913289233
E09000023,Lewisham,2007,Industry and Commercial,302.1305384627339,261.188,4.311477913289233
E09000023,Lewisham,2007,Transport,274.301903269826,261.188,4.311477913289233
E09000023,Lewisham,2008,Domestic,553.973179097855,266.508,4.034302479704749
E09000023,Lewisham,2008,Grand total,1075.1738852611531,266.508,4.034302479704749
E09000023,Lewisham,2008,Industry and Commercial,259.87920303154976,266.508,4.034302479704749
E09000023,Lewisham,2008,Transport,261.3215031317483,266.508,4.034302479704749
E09000023,Lewisham,2009,Domestic,498.1805218835451,270.418,3.6427836454513924
E09000023,Lewisham,2009,Grand total,985.0742678356746,270.418,3.6427836454513924
E09000023,Lewisham,2009,Industry and Commercial,235.05939752116365,270.418,3.6427836454513924
E09000023,Lewisham,2009,Transport,251.83434843096597,270.418,3.6427836454513924
E09000023,Lewisham,2010,Domestic,532.514333068743,272.525,3.7672193556771827
E09000023,Lewisham,2010,Grand total,1026.661454905924,272.525,3.7672193556771827
E09000023,Lewisham,2010,Industry and Commercial,246.9259925682448,272.525,3.7672193556771827
E09000023,Lewisham,2010,Transport,247.22112926893624,272.525,3.7672193556771827
E09000023,Lewisham,2011,Domestic,466.2527203264744,276.938,3.365320096745729
E09000023,Lewisham,2011,Grand total,931.9850169525686,276.938,3.365320096745729
E09000023,Lewisham,2011,Industry and Commercial,225.5742294076841,276.938,3.365320096745729
E09000023,Lewisham,2011,Transport,240.15806721841003,276.938,3.365320096745729
E09000023,Lewisham,2012,Domestic,503.043320506931,281.556,3.451475964012606
E09000023,Lewisham,2012,Grand total,971.7837665235332,281.556,3.451475964012606
E09000023,Lewisham,2012,Industry and Commercial,234.92195194252926,281.556,3.451475964012606
E09000023,Lewisham,2012,Transport,233.81849407407287,281.556,3.451475964012606
E09000023,Lewisham,2013,Domestic,489.20868127150476,286.18,3.263803036405177
E09000023,Lewisham,2013,Grand total,934.0351529584335,286.18,3.263803036405177
E09000023,Lewisham,2013,Industry and Commercial,219.4836555414141,286.18,3.263803036405177
E09000023,Lewisham,2013,Transport,225.3428161455147,286.18,3.263803036405177
E09000023,Lewisham,2014,Domestic,407.2171215290839,291.933,2.8214984186636496
E09000023,Lewisham,2014,Grand total,823.6884978557352,291.933,2.8214984186636496
E09000023,Lewisham,2014,Industry and Commercial,190.18537369246812,291.933,2.8214984186636496
E09000023,Lewisham,2014,Transport,226.28600263418326,291.933,2.8214984186636496
E09000024,Merton,2005,Domestic,434.8897521426806,190.583,4.766994457880329
E09000024,Merton,2005,Grand total,908.5081047662067,190.583,4.766994457880329
E09000024,Merton,2005,Industry and Commercial,290.6822569147529,190.583,4.766994457880329
E09000024,Merton,2005,Transport,182.9360957087733,190.583,4.766994457880329
E09000024,Merton,2006,Domestic,431.9163150064817,192.52,4.648353393512626
E09000024,Merton,2006,Grand total,894.9009953190508,192.52,4.648353393512626
E09000024,Merton,2006,Industry and Commercial,286.5061797910994,192.52,4.648353393512626
E09000024,Merton,2006,Transport,176.47850052146973,192.52,4.648353393512626
E09000024,Merton,2007,Domestic,419.9238957135008,194.26,4.459996863297116
E09000024,Merton,2007,Grand total,866.3989906640977,194.26,4.459996863297116
E09000024,Merton,2007,Industry and Commercial,270.51749630271854,194.26,4.459996863297116
E09000024,Merton,2007,Transport,175.95759864787843,194.26,4.459996863297116
E09000024,Merton,2008,Domestic,426.9297403198569,195.859,4.872555570869902
E09000024,Merton,2008,Grand total,954.3338615550082,195.859,4.872555570869902
E09000024,Merton,2008,Industry and Commercial,360.98110457189244,195.859,4.872555570869902
E09000024,Merton,2008,Transport,166.4230166632588,195.859,4.872555570869902
E09000024,Merton,2009,Domestic,385.64613387399675,198.136,4.3615623280129645
E09000024,Merton,2009,Grand total,864.1825134231767,198.136,4.3615623280129645
E09000024,Merton,2009,Industry and Commercial,318.95107862198057,198.136,4.3615623280129645
E09000024,Merton,2009,Transport,159.5853009271994,198.136,4.3615623280129645
E09000024,Merton,2010,Domestic,415.57629487291695,199.136,4.569289244426765
E09000024,Merton,2010,Grand total,909.9099829781683,199.136,4.569289244426765
E09000024,Merton,2010,Industry and Commercial,336.77433190992633,199.136,4.569289244426765
E09000024,Merton,2010,Transport,157.5593561953249,199.136,4.569289244426765
E09000024,Merton,2011,Domestic,363.4012776106751,200.543,4.0595593349448
E09000024,Merton,2011,Grand total,814.1162077078351,200.543,4.0595593349448
E09000024,Merton,2011,Industry and Commercial,299.80210528677344,200.543,4.0595593349448
E09000024,Merton,2011,Transport,150.91282481038652,200.543,4.0595593349448
E09000024,Merton,2012,Domestic,393.50928502389195,202.225,4.246041618184151
E09000024,Merton,2012,Grand total,858.65576623729,202.225,4.246041618184151
E09000024,Merton,2012,Industry and Commercial,316.5268638729042,202.225,4.246041618184151
E09000024,Merton,2012,Transport,148.61961734049385,202.225,4.246041618184151
E09000024,Merton,2013,Domestic,386.39622128029674,203.223,4.174307412939843
E09000024,Merton,2013,Grand total,848.3152753798737,203.223,4.174307412939843
E09000024,Merton,2013,Industry and Commercial,316.8226381601728,203.223,4.174307412939843
E09000024,Merton,2013,Transport,145.09641593940415,203.223,4.174307412939843
E09000024,Merton,2014,Domestic,321.89748259670205,203.515,3.3878664218774315
E09000024,Merton,2014,Grand total,689.4816348483854,203.515,3.3878664218774315
E09000024,Merton,2014,Industry and Commercial,223.99557828678513,203.515,3.3878664218774315
E09000024,Merton,2014,Transport,143.58857396489836,203.515,3.3878664218774315
E09000025,Newham,2005,Domestic,470.723929210842,253.798,5.715739150776795
E09000025,Newham,2005,Grand total,1450.6431649888489,253.798,5.715739150776795
E09000025,Newham,2005,Industry and Commercial,650.4579826123775,253.798,5.715739150776795
E09000025,Newham,2005,Transport,329.46125316562956,253.798,5.715739150776795
E09000025,Newham,2006,Domestic,468.9866741785047,257.994,6.013398895404844
E09000025,Newham,2006,Grand total,1551.4208346210776,257.994,6.013398895404844
E09000025,Newham,2006,Industry and Commercial,748.4321661030684,257.994,6.013398895404844
E09000025,Newham,2006,Transport,334.0019943395045,257.994,6.013398895404844
E09000025,Newham,2007,Domestic,460.5844939090209,266.285,5.744351432893132
E09000025,Newham,2007,Grand total,1529.6346213079478,266.285,5.744351432893132
E09000025,Newham,2007,Industry and Commercial,734.6944324349198,266.285,5.744351432893132
E09000025,Newham,2007,Transport,334.35569496400706,266.285,5.744351432893132
E09000025,Newham,2008,Domestic,465.8364656807977,276.478,5.543800425759207
E09000025,Newham,2008,Grand total,1532.738854113054,276.478,5.543800425759207
E09000025,Newham,2008,Industry and Commercial,750.6465105104629,276.478,5.543800425759207
E09000025,Newham,2008,Transport,316.2558779217934,276.478,5.543800425759207
E09000025,Newham,2009,Domestic,421.76446380224553,286.447,5.0982593416580535
E09000025,Newham,2009,Grand total,1460.3810936399245,286.447,5.0982593416580535
E09000025,Newham,2009,Industry and Commercial,727.4212146560695,286.447,5.0982593416580535
E09000025,Newham,2009,Transport,311.1954151816094,286.447,5.0982593416580535
E09000025,Newham,2010,Domestic,454.66567756798645,299.171,5.181322442629137
E09000025,Newham,2010,Grand total,1550.1014164838014,299.171,5.181322442629137
E09000025,Newham,2010,Industry and Commercial,795.0648761176794,299.171,5.181322442629137
E09000025,Newham,2010,Transport,300.3708627981359,299.171,5.181322442629137
E09000025,Newham,2011,Domestic,401.6398481428966,310.46,4.625251084226665
E09000025,Newham,2011,Grand total,1435.9554516090104,310.46,4.625251084226665
E09000025,Newham,2011,Industry and Commercial,746.5276047143548,310.46,4.625251084226665
E09000025,Newham,2011,Transport,287.78799875175895,310.46,4.625251084226665
E09000025,Newham,2012,Domestic,429.283110083432,314.084,4.6702446516644205
E09000025,Newham,2012,Grand total,1466.8491211733678,314.084,4.6702446516644205
E09000025,Newham,2012,Industry and Commercial,750.2965120140261,314.084,4.6702446516644205
E09000025,Newham,2012,Transport,287.26949907591,314.084,4.6702446516644205
E09000025,Newham,2013,Domestic,416.83476132710985,318.227,4.55411656147625
E09000025,Newham,2013,Grand total,1449.2428510089026,318.227,4.55411656147625
E09000025,Newham,2013,Industry and Commercial,764.6466901667452,318.227,4.55411656147625
E09000025,Newham,2013,Transport,267.7613995150477,318.227,4.55411656147625
E09000025,Newham,2014,Domestic,350.1816161759442,324.322,3.8800751106695186
E09000025,Newham,2014,Grand total,1258.3937200425596,324.322,3.8800751106695186
E09000025,Newham,2014,Industry and Commercial,623.1519288045259,324.322,3.8800751106695186
E09000025,Newham,2014,Transport,285.0601750620894,324.322,3.8800751106695186
E09000026,Redbridge,2005,Domestic,571.176751807728,251.56,4.308427108777646
E09000026,Redbridge,2005,Grand total,1083.8279234841045,251.56,4.308427108777646
E09000026,Redbridge,2005,Industry and Commercial,241.91612441434793,251.56,4.308427108777646
E09000026,Redbridge,2005,Transport,270.7350472620286,251.56,4.308427108777646
E09000026,Redbridge,2006,Domestic,567.1697153493388,255.59,4.230276615162916
E09000026,Redbridge,2006,Grand total,1081.2164000694897,255.59,4.230276615162916
E09000026,Redbridge,2006,Industry and Commercial,242.01405138462954,255.59,4.230276615162916
E09000026,Redbridge,2006,Transport,272.0326333355212,255.59,4.230276615162916
E09000026,Redbridge,2007,Domestic,551.7125436378184,259.965,4.058017147243848
E09000026,Redbridge,2007,Grand total,1054.9424276832467,259.965,4.058017147243848
E09000026,Redbridge,2007,Industry and Commercial,233.77151990025067,259.965,4.058017147243848
E09000026,Redbridge,2007,Transport,269.45836414517765,259.965,4.058017147243848
E09000026,Redbridge,2008,Domestic,564.8261154442463,265.452,3.90907764656584
E09000026,Redbridge,2008,Grand total,1037.6724794361953,265.452,3.90907764656584
E09000026,Redbridge,2008,Industry and Commercial,229.60981085775285,265.452,3.90907764656584
E09000026,Redbridge,2008,Transport,243.23655313419607,265.452,3.90907764656584
E09000026,Redbridge,2009,Domestic,512.9591867017498,270.435,3.549903596232688
E09000026,Redbridge,2009,Grand total,960.018179047187,270.435,3.549903596232688
E09000026,Redbridge,2009,Industry and Commercial,208.77053340561687,270.435,3.549903596232688
E09000026,Redbridge,2009,Transport,238.28845893982032,270.435,3.549903596232688
E09000026,Redbridge,2010,Domestic,553.1451565993711,275.088,3.6404041831071563
E09000026,Redbridge,2010,Grand total,1001.4315059225814,275.088,3.6404041831071563
E09000026,Redbridge,2010,Industry and Commercial,211.46747467638173,275.088,3.6404041831071563
E09000026,Redbridge,2010,Transport,236.81887464682856,275.088,3.6404041831071563
E09000026,Redbridge,2011,Domestic,481.90348926597454,281.395,3.286558678560948
E09000026,Redbridge,2011,Grand total,924.821179353658,281.395,3.286558678560948
E09000026,Redbridge,2011,Industry and Commercial,189.36982729197734,281.395,3.286558678560948
E09000026,Redbridge,2011,Transport,253.54786279570595,281.395,3.286558678560948
E09000026,Redbridge,2012,Domestic,521.2086260281152,284.617,3.436496621929607
E09000026,Redbridge,2012,Grand total,978.085359043739,284.617,3.436496621929607
E09000026,Redbridge,2012,Industry and Commercial,206.6582733940689,284.617,3.436496621929607
E09000026,Redbridge,2012,Transport,250.21845962155484,284.617,3.436496621929607
E09000026,Redbridge,2013,Domestic,509.3679142550998,288.272,3.27199060339767
E09000026,Redbridge,2013,Grand total,943.223275222653,288.272,3.27199060339767
E09000026,Redbridge,2013,Industry and Commercial,193.5908841099242,288.272,3.27199060339767
E09000026,Redbridge,2013,Transport,240.2644768576291,288.272,3.27199060339767
E09000026,Redbridge,2014,Domestic,425.1030473936379,293.055,2.908047108025998
E09000026,Redbridge,2014,Grand total,852.2177452425589,293.055,2.908047108025998
E09000026,Redbridge,2014,Industry and Commercial,182.66955288096653,293.055,2.908047108025998
E09000026,Redbridge,2014,Transport,244.4451449679544,293.055,2.908047108025998
E09000027,Richmond upon Thames,2005,Domestic,479.8152028940271,181.508,5.785227801986429
E09000027,Richmond upon Thames,2005,Grand total,1050.0651278829528,181.508,5.785227801986429
E09000027,Richmond upon Thames,2005,Industry and Commercial,328.9746998639057,181.508,5.785227801986429
E09000027,Richmond upon Thames,2005,Transport,241.27522512501994,181.508,5.785227801986429
E09000027,Richmond upon Thames,2006,Domestic,477.7519209988437,182.52,5.743833647740638
E09000027,Richmond upon Thames,2006,Grand total,1048.3645173856214,182.52,5.743833647740638
E09000027,Richmond upon Thames,2006,Industry and Commercial,335.79116050700816,182.52,5.743833647740638
E09000027,Richmond upon Thames,2006,Transport,234.82143587976952,182.52,5.743833647740638
E09000027,Richmond upon Thames,2007,Domestic,463.8247221646453,182.421,5.61348718937145
E09000027,Richmond upon Thames,2007,Grand total,1024.0179465723293,182.421,5.61348718937145
E09000027,Richmond upon Thames,2007,Industry and Commercial,328.15891633612017,182.421,5.61348718937145
E09000027,Richmond upon Thames,2007,Transport,232.03430807156377,182.421,5.61348718937145
E09000027,Richmond upon Thames,2008,Domestic,471.98824813613544,182.927,5.505376561049474
E09000027,Richmond upon Thames,2008,Grand total,1007.082018183097,182.927,5.505376561049474
E09000027,Richmond upon Thames,2008,Industry and Commercial,316.73188124614836,182.927,5.505376561049474
E09000027,Richmond upon Thames,2008,Transport,218.36188880081318,182.927,5.505376561049474
E09000027,Richmond upon Thames,2009,Domestic,427.5542887157065,184.394,4.933301746968101
E09000027,Richmond upon Thames,2009,Grand total,909.671242330436,184.394,4.933301746968101
E09000027,Richmond upon Thames,2009,Industry and Commercial,274.22289458424035,184.394,4.933301746968101
E09000027,Richmond upon Thames,2009,Transport,207.89405903048907,184.394,4.933301746968101
E09000027,Richmond upon Thames,2010,Domestic,462.5342948665719,186.304,5.083642162947178
E09000027,Richmond upon Thames,2010,Grand total,947.1028695257111,186.304,5.083642162947178
E09000027,Richmond upon Thames,2010,Industry and Commercial,280.43589743325316,186.304,5.083642162947178
E09000027,Richmond upon Thames,2010,Transport,204.13267722588594,186.304,5.083642162947178
E09000027,Richmond upon Thames,2011,Domestic,402.4259855527515,187.527,4.485808518811996
E09000027,Richmond upon Thames,2011,Grand total,841.2102141072571,187.527,4.485808518811996
E09000027,Richmond upon Thames,2011,Industry and Commercial,240.25449692128862,187.527,4.485808518811996
E09000027,Richmond upon Thames,2011,Transport,198.529731633217,187.527,4.485808518811996
E09000027,Richmond upon Thames,2012,Domestic,437.8229154491932,189.145,4.79737796351421
E09000027,Richmond upon Thames,2012,Grand total,907.4000549088952,189.145,4.79737796351421
E09000027,Richmond upon Thames,2012,Industry and Commercial,269.16256913340067,189.145,4.79737796351421
E09000027,Richmond upon Thames,2012,Transport,200.41457032630143,189.145,4.79737796351421
E09000027,Richmond upon Thames,2013,Domestic,429.58400940892477,191.365,4.623867415027913
E09000027,Richmond upon Thames,2013,Grand total,884.8463878768166,191.365,4.623867415027913
E09000027,Richmond upon Thames,2013,Industry and Commercial,260.85329351243126,191.365,4.623867415027913
E09000027,Richmond upon Thames,2013,Transport,194.40908495546057,191.365,4.623867415027913
E09000027,Richmond upon Thames,2014,Domestic,357.75620239233797,193.585,4.076349848452376
E09000027,Richmond upon Thames,2014,Grand total,789.1201854126533,193.585,4.076349848452376
E09000027,Richmond upon Thames,2014,Industry and Commercial,237.21427597855626,193.585,4.076349848452376
E09000027,Richmond upon Thames,2014,Transport,194.14970704175906,193.585,4.076349848452376
E09000028,Southwark,2005,Domestic,510.187202690873,261.811,6.611794379886404
E09000028,Southwark,2005,Grand total,1731.040498392439,261.811,6.611794379886404
E09000028,Southwark,2005,Industry and Commercial,937.5136194100074,261.811,6.611794379886404
E09000028,Southwark,2005,Transport,283.3396762915588,261.811,6.611794379886404
E09000028,Southwark,2006,Domestic,505.7455059806654,267.553,6.513280539858972
E09000028,Southwark,2006,Grand total,1742.6477482808875,267.553,6.513280539858972
E09000028,Southwark,2006,Industry and Commercial,958.8430712044433,267.553,6.513280539858972
E09000028,Southwark,2006,Transport,278.05917109577894,267.553,6.513280539858972
E09000028,Southwark,2007,Domestic,498.9166066008434,272.626,6.25346389300814
E09000028,Southwark,2007,Grand total,1704.8568472952372,272.626,6.25346389300814
E09000028,Southwark,2007,Industry and Commercial,924.2797936858946,272.626,6.25346389300814
E09000028,Southwark,2007,Transport,281.6604470084993,272.626,6.25346389300814
E09000028,Southwark,2008,Domestic,500.96785026108904,276.973,6.083267828868859
E09000028,Southwark,2008,Grand total,1684.9009403652947,276.973,6.083267828868859
E09000028,Southwark,2008,Industry and Commercial,922.4203142729559,276.973,6.083267828868859
E09000028,Southwark,2008,Transport,261.5127758312497,276.973,6.083267828868859
E09000028,Southwark,2009,Domestic,454.6737790750588,281.12,5.329627998286676
E09000028,Southwark,2009,Grand total,1498.2650228783502,281.12,5.329627998286676
E09000028,Southwark,2009,Industry and Commercial,788.9119546804983,281.12,5.329627998286676
E09000028,Southwark,2009,Transport,254.67928912279297,281.12,5.329627998286676
E09000028,Southwark,2010,Domestic,486.0698464535429,283.777,5.542026662646894
E09000028,Southwark,2010,Grand total,1572.6997002459475,283.777,5.542026662646894
E09000028,Southwark,2010,Industry and Commercial,838.2093300749038,283.777,5.542026662646894
E09000028,Southwark,2010,Transport,248.42052371750063,283.777,5.542026662646894
E09000028,Southwark,2011,Domestic,430.90228468798097,288.717,4.8487679022435906
E09000028,Southwark,2011,Grand total,1399.9217224320626,288.717,4.8487679022435906
E09000028,Southwark,2011,Industry and Commercial,728.4790359659293,288.717,4.8487679022435906
E09000028,Southwark,2011,Transport,240.54040177815227,288.717,4.8487679022435906
E09000028,Southwark,2012,Domestic,461.9130220823413,293.53,5.247223175564385
E09000028,Southwark,2012,Grand total,1540.2174187234139,293.53,5.247223175564385
E09000028,Southwark,2012,Industry and Commercial,848.8332051420489,293.53,5.247223175564385
E09000028,Southwark,2012,Transport,229.4711914990237,293.53,5.247223175564385
E09000028,Southwark,2013,Domestic,444.2313897571213,298.465,4.887717504118976
E09000028,Southwark,2013,Grand total,1458.81260486687,298.465,4.887717504118976
E09000028,Southwark,2013,Industry and Commercial,791.690282412966,298.465,4.887717504118976
E09000028,Southwark,2013,Transport,222.8909326967827,298.465,4.887717504118976
E09000028,Southwark,2014,Domestic,369.86783532234887,302.538,3.860320179681652
E09000028,Southwark,2014,Grand total,1167.8935465205277,302.538,3.860320179681652
E09000028,Southwark,2014,Industry and Commercial,572.0365045442236,302.538,3.860320179681652
E09000028,Southwark,2014,Transport,225.98920665395536,302.538,3.860320179681652
E09000029,Sutton,2005,Domestic,439.8056832450706,182.103,4.808017641425146
E09000029,Sutton,2005,Grand total,875.5544365564434,182.103,4.808017641425146
E09000029,Sutton,2005,Industry and Commercial,246.96949083641977,182.103,4.808017641425146
E09000029,Sutton,2005,Transport,188.77926247495301,182.103,4.808017641425146
E09000029,Sutton,2006,Domestic,440.8999811579988,182.882,4.792960563292969
E09000029,Sutton,2006,Grand total,876.5462137361446,182.882,4.792960563292969
E09000029,Sutton,2006,Industry and Commercial,253.50429542958335,182.882,4.792960563292969
E09000029,Sutton,2006,Transport,182.14193714856245,182.882,4.792960563292969
E09000029,Sutton,2007,Domestic,430.59429324984563,184.174,4.668751922497271
E09000029,Sutton,2007,Grand total,859.8627165740124,184.174,4.668751922497271
E09000029,Sutton,2007,Industry and Commercial,245.76542606296988,184.174,4.668751922497271
E09000029,Sutton,2007,Transport,183.50299726119692,184.174,4.668751922497271
E09000029,Sutton,2008,Domestic,436.3357084632518,185.86,4.640695996238791
E09000029,Sutton,2008,Grand total,862.5197578609417,185.86,4.640695996238791
E09000029,Sutton,2008,Industry and Commercial,258.40575806430076,185.86,4.640695996238791
E09000029,Sutton,2008,Transport,167.77829133338892,185.86,4.640695996238791
E09000029,Sutton,2009,Domestic,393.2802383490551,188.167,4.275377758548977
E09000029,Sutton,2009,Grand total,804.4850066928853,188.167,4.275377758548977
E09000029,Sutton,2009,Industry and Commercial,246.8054926393293,188.167,4.275377758548977
E09000029,Sutton,2009,Transport,164.399275704501,188.167,4.275377758548977
E09000029,Sutton,2010,Domestic,419.72469970628606,189.321,4.449835236919713
E09000029,Sutton,2010,Grand total,842.4472568888771,189.321,4.449835236919713
E09000029,Sutton,2010,Industry and Commercial,263.9711616149121,189.321,4.449835236919713
E09000029,Sutton,2010,Transport,158.75139556767886,189.321,4.449835236919713
E09000029,Sutton,2011,Domestic,369.02349916909105,191.123,3.914394137014046
E09000029,Sutton,2011,Grand total,748.1307506485355,191.123,3.914394137014046
E09000029,Sutton,2011,Industry and Commercial,224.75100894150347,191.123,3.914394137014046
E09000029,Sutton,2011,Transport,154.35624253794097,191.123,3.914394137014046
E09000029,Sutton,2012,Domestic,400.52127467225864,193.63,4.1855197640252255
E09000029,Sutton,2012,Grand total,810.4421919082044,193.63,4.1855197640252255
E09000029,Sutton,2012,Industry and Commercial,258.856454598955,193.63,4.1855197640252255
E09000029,Sutton,2012,Transport,151.06446263699078,193.63,4.1855197640252255
E09000029,Sutton,2013,Domestic,390.33084335576314,195.914,3.9828646535243433
E09000029,Sutton,2013,Grand total,780.2989457305681,195.914,3.9828646535243433
E09000029,Sutton,2013,Industry and Commercial,242.281644127124,195.914,3.9828646535243433
E09000029,Sutton,2013,Transport,147.68645824768097,195.914,3.9828646535243433
E09000029,Sutton,2014,Domestic,324.4602114977921,198.134,3.354528810974014
E09000029,Sutton,2014,Grand total,664.6462114335252,198.134,3.354528810974014
E09000029,Sutton,2014,Industry and Commercial,191.24786402903996,198.134,3.354528810974014
E09000029,Sutton,2014,Transport,148.93813590669316,198.134,3.354528810974014
E09000030,Tower Hamlets,2005,Domestic,369.691325504233,213.382,9.398999685291558
E09000030,Tower Hamlets,2005,Grand total,2005.5773508468835,213.382,9.398999685291558
E09000030,Tower Hamlets,2005,Industry and Commercial,1321.551110950768,213.382,9.398999685291558
E09000030,Tower Hamlets,2005,Transport,314.33491439188265,213.382,9.398999685291558
E09000030,Tower Hamlets,2006,Domestic,373.6589213263096,218.4,10.76607678228306
E09000030,Tower Hamlets,2006,Grand total,2351.3111692506204,218.4,10.76607678228306
E09000030,Tower Hamlets,2006,Industry and Commercial,1661.2293494833086,218.4,10.76607678228306
E09000030,Tower Hamlets,2006,Transport,316.42289844100225,218.4,10.76607678228306
E09000030,Tower Hamlets,2007,Domestic,372.69253996195124,225.251,10.363318797213173
E09000030,Tower Hamlets,2007,Grand total,2334.3479223910645,225.251,10.363318797213173
E09000030,Tower Hamlets,2007,Industry and Commercial,1645.284989766471,225.251,10.363318797213173
E09000030,Tower Hamlets,2007,Transport,316.3703926626423,225.251,10.363318797213173
E09000030,Tower Hamlets,2008,Domestic,381.80932634735956,231.893,10.29368449580485
E09000030,Tower Hamlets,2008,Grand total,2387.0333787856744,231.893,10.29368449580485
E09000030,Tower Hamlets,2008,Industry and Commercial,1705.6663736448713,231.893,10.29368449580485
E09000030,Tower Hamlets,2008,Transport,299.5576787934433,231.893,10.29368449580485
E09000030,Tower Hamlets,2009,Domestic,350.58511186669796,240.495,8.7361483316003
E09000030,Tower Hamlets,2009,Grand total,2100.999993008214,240.495,8.7361483316003
E09000030,Tower Hamlets,2009,Industry and Commercial,1459.4515351020607,240.495,8.7361483316003
E09000030,Tower Hamlets,2009,Transport,290.9633460394553,240.495,8.7361483316003
E09000030,Tower Hamlets,2010,Domestic,375.9262360033636,248.52,9.01617080041294
E09000030,Tower Hamlets,2010,Grand total,2240.698767318624,248.52,9.01617080041294
E09000030,Tower Hamlets,2010,Industry and Commercial,1572.8848289380562,248.52,9.01617080041294
E09000030,Tower Hamlets,2010,Transport,291.887702377204,248.52,9.01617080041294
E09000030,Tower Hamlets,2011,Domestic,336.74124445416,256.012,7.502586263229024
E09000030,Tower Hamlets,2011,Grand total,1920.752114421789,256.012,7.502586263229024
E09000030,Tower Hamlets,2011,Industry and Commercial,1307.094898919031,256.012,7.502586263229024
E09000030,Tower Hamlets,2011,Transport,276.91597104859784,256.012,7.502586263229024
E09000030,Tower Hamlets,2012,Domestic,365.2659503995635,263.003,7.944351550478178
E09000030,Tower Hamlets,2012,Grand total,2089.388290830412,263.003,7.944351550478178
E09000030,Tower Hamlets,2012,Industry and Commercial,1458.19490864986,263.003,7.944351550478178
E09000030,Tower Hamlets,2012,Transport,265.92743178098846,263.003,7.944351550478178
E09000030,Tower Hamlets,2013,Domestic,349.34587623528864,272.89,7.159096034068306
E09000030,Tower Hamlets,2013,Grand total,1953.6457167369,272.89,7.159096034068306
E09000030,Tower Hamlets,2013,Industry and Commercial,1341.8885584597472,272.89,7.159096034068306
E09000030,Tower Hamlets,2013,Transport,262.4112820418641,272.89,7.159096034068306
E09000030,Tower Hamlets,2014,Domestic,291.0557584380574,284.015,5.992605630914083
E09000030,Tower Hamlets,2014,Grand total,1701.9898882640632,284.015,5.992605630914083
E09000030,Tower Hamlets,2014,Industry and Commercial,1143.207584073462,284.015,5.992605630914083
E09000030,Tower Hamlets,2014,Transport,267.72654575254404,284.015,5.992605630914083
E09000031,Waltham Forest,2005,Domestic,498.43714258934915,226.747,4.367967907247542
E09000031,Waltham Forest,2005,Grand total,990.4236190646585,226.747,4.367967907247542
E09000031,Waltham Forest,2005,Industry and Commercial,286.21950351736297,226.747,4.367967907247542
E09000031,Waltham Forest,2005,Transport,205.76697295794645,226.747,4.367967907247542
E09000031,Waltham Forest,2006,Domestic,493.5774449653013,230.731,4.333319947049679
E09000031,Waltham Forest,2006,Grand total,999.8312447027196,230.731,4.333319947049679
E09000031,Waltham Forest,2006,Industry and Commercial,306.86003552290686,230.731,4.333319947049679
E09000031,Waltham Forest,2006,Transport,199.39376421451146,230.731,4.333319947049679
E09000031,Waltham Forest,2007,Domestic,480.38645174737536,235.665,4.052221630214253
E09000031,Waltham Forest,2007,Grand total,954.9668104844418,235.665,4.052221630214253
E09000031,Waltham Forest,2007,Industry and Commercial,276.98286844250504,235.665,4.052221630214253
E09000031,Waltham Forest,2007,Transport,197.59749029456137,235.665,4.052221630214253
E09000031,Waltham Forest,2008,Domestic,487.069727022515,242.098,4.039661372944181
E09000031,Waltham Forest,2008,Grand total,977.9939390670403,242.098,4.039661372944181
E09000031,Waltham Forest,2008,Industry and Commercial,308.6243894757442,242.098,4.039661372944181
E09000031,Waltham Forest,2008,Transport,182.29982256878094,242.098,4.039661372944181
E09000031,Waltham Forest,2009,Domestic,437.85588484172644,248.14,3.525695211981175
E09000031,Waltham Forest,2009,Grand total,874.8660099010087,248.14,3.525695211981175
E09000031,Waltham Forest,2009,Industry and Commercial,258.119241754837,248.14,3.525695211981175
E09000031,Waltham Forest,2009,Transport,178.8908833044453,248.14,3.525695211981175
E09000031,Waltham Forest,2010,Domestic,469.518361614818,254.009,3.6535865911977305
E09000031,Waltham Forest,2010,Grand total,928.0438764435443,254.009,3.6535865911977305
E09000031,Waltham Forest,2010,Industry and Commercial,280.3887346302614,254.009,3.6535865911977305
E09000031,Waltham Forest,2010,Transport,178.13678019846492,254.009,3.6535865911977305
E09000031,Waltham Forest,2011,Domestic,411.78370516078576,259.742,3.1687794749970832
E09000031,Waltham Forest,2011,Grand total,823.0651183946925,259.742,3.1687794749970832
E09000031,Waltham Forest,2011,Industry and Commercial,243.18727660991868,259.742,3.1687794749970832
E09000031,Waltham Forest,2011,Transport,168.09413662398816,259.742,3.1687794749970832
E09000031,Waltham Forest,2012,Domestic,444.2290220223658,262.566,3.327968587360864
E09000031,Waltham Forest,2012,Grand total,873.8114001089925,262.566,3.327968587360864
E09000031,Waltham Forest,2012,Industry and Commercial,256.72477539559213,262.566,3.327968587360864
E09000031,Waltham Forest,2012,Transport,172.85760269103454,262.566,3.327968587360864
E09000031,Waltham Forest,2013,Domestic,433.81314424583013,265.797,3.1958842704283206
E09000031,Waltham Forest,2013,Grand total,849.4564514270364,265.797,3.1958842704283206
E09000031,Waltham Forest,2013,Industry and Commercial,243.3377962192093,265.797,3.1958842704283206
E09000031,Waltham Forest,2013,Transport,172.30551096199693,265.797,3.1958842704283206
E09000031,Waltham Forest,2014,Domestic,361.9111489737374,268.02,2.8924427651269062
E09000031,Waltham Forest,2014,Grand total,775.2325099093133,268.02,2.8924427651269062
E09000031,Waltham Forest,2014,Industry and Commercial,230.2345837783557,268.02,2.8924427651269062
E09000031,Waltham Forest,2014,Transport,183.0867771572202,268.02,2.8924427651269062
E09000032,Wandsworth,2005,Domestic,644.2797534197375,283.229,5.230516913602377
E09000032,Wandsworth,2005,Grand total,1481.4340749226874,283.229,5.230516913602377
E09000032,Wandsworth,2005,Industry and Commercial,531.184413408333,283.229,5.230516913602377
E09000032,Wandsworth,2005,Transport,305.96990809461704,283.229,5.230516913602377
E09000032,Wandsworth,2006,Domestic,640.0305885294814,287.538,5.039255952023817
E09000032,Wandsworth,2006,Grand total,1448.9775779330243,287.538,5.039255952023817
E09000032,Wandsworth,2006,Industry and Commercial,538.3671877327549,287.538,5.039255952023817
E09000032,Wandsworth,2006,Transport,270.57980167078796,287.538,5.039255952023817
E09000032,Wandsworth,2007,Domestic,625.5239835793183,291.44,4.824912284709178
E09000032,Wandsworth,2007,Grand total,1406.1724362556429,291.44,4.824912284709178
E09000032,Wandsworth,2007,Industry and Commercial,496.8409591656707,291.44,4.824912284709178
E09000032,Wandsworth,2007,Transport,283.80749351065396,291.44,4.824912284709178
E09000032,Wandsworth,2008,Domestic,638.2872656040017,294.305,4.502498276909971
E09000032,Wandsworth,2008,Grand total,1325.1077553859889,294.305,4.502498276909971
E09000032,Wandsworth,2008,Industry and Commercial,417.3233422631561,294.305,4.502498276909971
E09000032,Wandsworth,2008,Transport,269.497147518831,294.305,4.502498276909971
E09000032,Wandsworth,2009,Domestic,576.0503212112037,299.347,4.0257654840657695
E09000032,Wandsworth,2009,Grand total,1205.100820358636,299.347,4.0257654840657695
E09000032,Wandsworth,2009,Industry and Commercial,378.1319645164466,299.347,4.0257654840657695
E09000032,Wandsworth,2009,Transport,250.91853463098568,299.347,4.0257654840657695
E09000032,Wandsworth,2010,Domestic,618.5981671062134,302.62,4.206561121397333
E09000032,Wandsworth,2010,Grand total,1272.989526557261,302.62,4.206561121397333
E09000032,Wandsworth,2010,Industry and Commercial,404.43497166246544,302.62,4.206561121397333
E09000032,Wandsworth,2010,Transport,249.95638778858216,302.62,4.206561121397333
E09000032,Wandsworth,2011,Domestic,541.2277739833803,307.71,3.6856162336582656
E09000032,Wandsworth,2011,Grand total,1134.1009712589848,307.71,3.6856162336582656
E09000032,Wandsworth,2011,Industry and Commercial,355.29033036477364,307.71,3.6856162336582656
E09000032,Wandsworth,2011,Transport,237.58286691083092,307.71,3.6856162336582656
E09000032,Wandsworth,2012,Domestic,589.430725419313,308.312,3.911597807740425
E09000032,Wandsworth,2012,Grand total,1205.992543300066,308.312,3.911597807740425
E09000032,Wandsworth,2012,Industry and Commercial,381.27235047055547,308.312,3.911597807740425
E09000032,Wandsworth,2012,Transport,235.2894674101974,308.312,3.911597807740425
E09000032,Wandsworth,2013,Domestic,573.3142201950418,310.516,3.7578415803432277
E09000032,Wandsworth,2013,Grand total,1166.8699361618578,310.516,3.7578415803432277
E09000032,Wandsworth,2013,Industry and Commercial,367.5348142420392,310.516,3.7578415803432277
E09000032,Wandsworth,2013,Transport,226.0209017247767,310.516,3.7578415803432277
E09000032,Wandsworth,2014,Domestic,477.1571033470437,312.145,3.320529571813572
E09000032,Wandsworth,2014,Grand total,1036.4867031937474,312.145,3.320529571813572
E09000032,Wandsworth,2014,Industry and Commercial,335.89357096271937,312.145,3.320529571813572
E09000032,Wandsworth,2014,Transport,223.4360288839845,312.145,3.320529571813572
E09000033,Westminster,2005,Domestic,504.1980241189331,223.132,15.147459047491104
E09000033,Westminster,2005,Grand total,3379.882832184785,223.132,15.147459047491104
E09000033,Westminster,2005,Industry and Commercial,2528.6477735054523,223.132,15.147459047491104
E09000033,Westminster,2005,Transport,347.03703456039955,223.132,15.147459047491104
E09000033,Westminster,2006,Domestic,507.46228875071483,222.829,15.99819145018364
E09000033,Westminster,2006,Grand total,3564.8610026529705,222.829,15.99819145018364
E09000033,Westminster,2006,Industry and Commercial,2712.1967894484574,222.829,15.99819145018364
E09000033,Westminster,2006,Transport,345.20192445379837,222.829,15.99819145018364
E09000033,Westminster,2007,Domestic,498.1766660131021,220.619,15.552982691767395
E09000033,Westminster,2007,Grand total,3431.283488475031,220.619,15.552982691767395
E09000033,Westminster,2007,Industry and Commercial,2603.5497765969817,220.619,15.552982691767395
E09000033,Westminster,2007,Transport,329.5570458649468,220.619,15.552982691767395
E09000033,Westminster,2008,Domestic,503.4256176195396,218.673,15.917913460415472
E09000033,Westminster,2008,Grand total,3480.8178901294323,218.673,15.917913460415472
E09000033,Westminster,2008,Industry and Commercial,2676.0077561226617,218.673,15.917913460415472
E09000033,Westminster,2008,Transport,301.38451638723114,218.673,15.917913460415472
E09000033,Westminster,2009,Domestic,463.43410360776824,216.98,14.224347988702405
E09000033,Westminster,2009,Grand total,3086.3990265886478,216.98,14.224347988702405
E09000033,Westminster,2009,Industry and Commercial,2337.1696593853994,216.98,14.224347988702405
E09000033,Westminster,2009,Transport,285.79526359548015,216.98,14.224347988702405
E09000033,Westminster,2010,Domestic,497.1071877216167,217.187,15.0173469367328
E09000033,Westminster,2010,Grand total,3261.5725291481867,217.187,15.0173469367328
E09000033,Westminster,2010,Industry and Commercial,2478.80081776243,217.187,15.0173469367328
E09000033,Westminster,2010,Transport,285.6645236641395,217.187,15.0173469367328
E09000033,Westminster,2011,Domestic,439.3643857200172,219.582,13.371743353158283
E09000033,Westminster,2011,Grand total,2936.194148973202,219.582,13.371743353158283
E09000033,Westminster,2011,Industry and Commercial,2224.581182696654,219.582,13.371743353158283
E09000033,Westminster,2011,Transport,272.24858055653084,219.582,13.371743353158283
E09000033,Westminster,2012,Domestic,474.09842403829987,223.858,14.183228765653315
E09000033,Westminster,2012,Grand total,3175.02922502162,223.858,14.183228765653315
E09000033,Westminster,2012,Industry and Commercial,2429.2466294169935,223.858,14.183228765653315
E09000033,Westminster,2012,Transport,271.6841715663263,223.858,14.183228765653315
E09000033,Westminster,2013,Domestic,455.6471169187714,226.841,13.340888935290145
E09000033,Westminster,2013,Grand total,3026.260586970152,226.841,13.340888935290145
E09000033,Westminster,2013,Industry and Commercial,2304.128957772865,226.841,13.340888935290145
E09000033,Westminster,2013,Transport,266.484512278516,226.841,13.340888935290145
E09000033,Westminster,2014,Domestic,371.25505254047596,233.292,10.714075879712448
E09000033,Westminster,2014,Grand total,2499.5081901298763,233.292,10.714075879712448
E09000033,Westminster,2014,Industry and Commercial,1844.2821139337755,233.292,10.714075879712448
E09000033,Westminster,2014,Transport,283.97102365562483,233.292,10.714075879712448
